order_date,shipment_number,bill_to_code,from_site_code,from_site_name,to_site_code,to_site_name,pickup_date,delivery_due_date,price,cost,cost1,cost2,cost3,cost4,delivered_flag,service_flag,margin,order_date_raw,pickup_date_raw,delivery_due_date_raw
2019-01-10,20784.000000,1424.000000,5729.000000,CAPMATIC WAREHOUSE#3,5885.000000,TWEED INC.,2019-01-14,2019-01-15,0.0,0.0,0.0,0.0,,0.0,,,0.0,20190110.000000,20190114.000000,20190115.000000
2019-01-05,20776.000000,3755.000000,5991.000000,NORAMPAC NIAGARA,3755.000000,CASCADES ENVIROPAC,2019-01-10,2019-01-11,0.0,0.0,0.0,0.0,,0.0,,,0.0,20190105.000000,20190110.000000,20190111.000000
2019-01-02,20767.000000,4948.000000,4948.000000,THEATRIXX TECHNOLOGIES,5987.000000,LAUDI-C SONORISATION,2019-01-03,2019-01-04,0.0,0.0,0.0,0.0,,0.0,,,0.0,20190102.000000,20190103.000000,20190104.000000
2019-01-02,20768.000000,4948.000000,4948.000000,THEATRIXX TECHNOLOGIES,5988.000000,FMAV,2019-01-03,2019-01-08,0.0,0.0,0.0,0.0,,0.0,,,0.0,20190102.000000,20190103.000000,20190108.000000
2019-01-02,20769.000000,4948.000000,4948.000000,THEATRIXX TECHNOLOGIES,5989.000000,G PRODUCTIONS,2019-01-03,2019-01-04,0.0,0.0,0.0,0.0,,0.0,,,0.0,20190102.000000,20190103.000000,20190104.000000
2019-01-03,20770.000000,1424.000000,4192.000000,SUPERIOR ALLOY,1424.000000,CAPMATIC,2019-01-03,2019-01-03,0.0,0.0,0.0,0.0,,0.0,,,0.0,20190103.000000,20190103.000000,20190103.000000
2019-01-03,20771.000000,3755.000000,5990.000000,CASCADES WHRS NIAGARA FALLS,3755.000000,CASCADES ENVIROPAC,2019-01-03,2019-01-04,0.0,0.0,0.0,0.0,,0.0,,,0.0,20190103.000000,20190103.000000,20190104.000000
2019-01-04,20772.000000,3755.000000,5991.000000,NORAMPAC NIAGARA,3755.000000,CASCADES ENVIROPAC,2019-01-08,2019-01-10,0.0,0.0,0.0,0.0,,0.0,,,0.0,20190104.000000,20190108.000000,20190110.000000
2019-01-04,20773.000000,4948.000000,4948.000000,THEATRIXX TECHNOLOGIES,5993.000000,JOEL THEATRICAL,2019-01-07,2019-01-08,0.0,0.0,0.0,0.0,,0.0,,,0.0,20190104.000000,20190107.000000,20190108.000000
2019-01-04,20774.000000,4948.000000,4948.000000,THEATRIXX TECHNOLOGIES,5987.000000,LAUDI-C SONORISATION,2019-01-07,2019-01-08,0.0,0.0,0.0,0.0,,0.0,,,0.0,20190104.000000,20190107.000000,20190108.000000
2019-01-04,20775.000000,3755.000000,5990.000000,CASCADES WHRS NIAGARA FALLS,3755.000000,CASCADES ENVIROPAC,2019-01-05,2019-01-06,0.0,0.0,0.0,0.0,,0.0,,,0.0,20190104.000000,20190105.000000,20190106.000000
2019-01-24,20804.000000,1424.000000,1424.000000,CAPMATIC,6005.000000,QPSI,2019-01-28,2019-01-30,0.0,0.0,0.0,0.0,,0.0,,,0.0,20190124.000000,20190128.000000,20190130.000000
2019-01-07,20777.000000,4948.000000,4948.000000,THEATRIXX TECHNOLOGIES,5994.000000,ARTOTECH INTEGRATION,2019-01-07,2019-01-07,0.0,0.0,0.0,0.0,,0.0,,,0.0,20190107.000000,20190107.000000,20190107.000000
2019-01-07,20778.000000,4948.000000,4948.000000,THEATRIXX TECHNOLOGIES,5995.000000,ATD AUDIO VISUAL,2019-01-09,2019-01-14,0.0,0.0,0.0,0.0,,0.0,,,0.0,20190107.000000,20190109.000000,20190114.000000
2019-01-07,20779.000000,3755.000000,5991.000000,NORAMPAC NIAGARA,3755.000000,CASCADES ENVIROPAC,2019-01-08,2019-01-10,0.0,0.0,0.0,0.0,,0.0,,,0.0,20190107.000000,20190108.000000,20190110.000000
2019-01-08,20780.000000,4948.000000,4948.000000,THEATRIXX TECHNOLOGIES,5999.000000,RADIO CANADA,2019-01-08,2019-01-08,0.0,0.0,0.0,0.0,,0.0,,,0.0,20190108.000000,20190108.000000,20190108.000000
2019-01-08,20781.000000,1424.000000,5796.000000,ACTION STAINLESS & ALLOY,1424.000000,CAPMATIC,2019-01-10,2019-01-14,0.0,0.0,0.0,0.0,,0.0,,,0.0,20190108.000000,20190110.000000,20190114.000000
2019-01-08,20782.000000,4948.000000,4948.000000,THEATRIXX TECHNOLOGIES,6000.000000,FREDERICTON PLAYHOUSE,2019-01-09,2019-01-14,0.0,0.0,0.0,0.0,,0.0,,,0.0,20190108.000000,20190109.000000,20190114.000000
2019-01-08,20783.000000,5918.000000,3169.000000,CASCADES SONOCO INC.,4725.000000,SONOCO BRANTFORD,2019-01-14,2019-01-15,0.0,0.0,0.0,0.0,,0.0,,,0.0,20190108.000000,20190114.000000,20190115.000000
2019-01-10,20785.000000,1424.000000,4192.000000,SUPERIOR ALLOY,1424.000000,CAPMATIC,2019-01-11,2019-01-11,0.0,0.0,0.0,0.0,,0.0,,,0.0,20190110.000000,20190111.000000,20190111.000000
2019-01-11,20786.000000,1424.000000,1424.000000,CAPMATIC,4968.000000,LP TECHNOLOGIE,2019-01-11,2019-01-11,0.0,0.0,0.0,0.0,,0.0,,,0.0,20190111.000000,20190111.000000,20190111.000000
2019-01-11,20787.000000,1424.000000,4968.000000,LP TECHNOLOGIE,1424.000000,CAPMATIC,2019-01-11,2019-01-11,0.0,0.0,0.0,0.0,,0.0,,,0.0,20190111.000000,20190111.000000,20190111.000000
2019-01-14,20788.000000,1424.000000,1424.000000,CAPMATIC,5715.000000,ENERCON,2019-01-14,2019-01-18,0.0,0.0,0.0,0.0,,0.0,,,0.0,20190114.000000,20190114.000000,20190118.000000
2019-01-14,20789.000000,4948.000000,4948.000000,THEATRIXX TECHNOLOGIES,5677.000000,FMAV,2019-01-14,2019-01-15,0.0,0.0,0.0,0.0,,0.0,,,0.0,20190114.000000,20190114.000000,20190115.000000
2019-01-14,20790.000000,3755.000000,5990.000000,CASCADES WHRS NIAGARA FALLS,3755.000000,CASCADES ENVIROPAC,2019-01-16,2019-01-17,0.0,0.0,0.0,0.0,,0.0,,,0.0,20190114.000000,20190116.000000,20190117.000000
2019-01-15,20791.000000,3755.000000,5991.000000,CASCADES CONTAINERBOARD PACKG.,3755.000000,CASCADES ENVIROPAC,2019-01-18,2019-01-19,0.0,0.0,0.0,0.0,,0.0,,,0.0,20190115.000000,20190118.000000,20190119.000000
2019-01-15,20792.000000,3755.000000,5991.000000,CASCADES CONTAINERBOARD PACKG.,3755.000000,CASCADES ENVIROPAC,2019-01-18,2019-01-19,0.0,0.0,0.0,0.0,,0.0,,,0.0,20190115.000000,20190118.000000,20190119.000000
2019-01-15,20793.000000,5918.000000,3169.000000,CASCADES SONOCO INC.,5467.000000,NEWCORR PACKAGING,2019-01-16,2019-01-23,0.0,0.0,0.0,0.0,,0.0,,,0.0,20190115.000000,20190116.000000,20190123.000000
2019-01-16,20794.000000,1424.000000,5729.000000,CAPMATIC WAREHOUSE#3,4452.000000,CAPMATIC BOOTH #4939,2019-01-28,2019-02-01,0.0,0.0,0.0,0.0,,0.0,,,0.0,20190116.000000,20190128.000000,20190201.000000
2019-01-17,20795.000000,1424.000000,4192.000000,SUPERIOR ALLOY,1424.000000,CAPMATIC,2019-01-18,2019-01-18,0.0,0.0,0.0,0.0,,0.0,,,0.0,20190117.000000,20190118.000000,20190118.000000
2019-01-18,20796.000000,1424.000000,4968.000000,LP TECHNOLOGIE,1424.000000,CAPMATIC,2019-01-18,2019-01-18,0.0,0.0,0.0,0.0,,0.0,,,0.0,20190118.000000,20190118.000000,20190118.000000
2019-01-21,20797.000000,4948.000000,4948.000000,THEATRIXX TECHNOLOGIES,6002.000000,WIRED PRODUCTION GROUP,2019-01-21,2019-01-25,0.0,0.0,0.0,0.0,,0.0,,,0.0,20190121.000000,20190121.000000,20190125.000000
2019-01-22,20798.000000,1424.000000,4192.000000,SUPERIOR ALLOY,1424.000000,CAPMATIC,2019-01-23,2019-01-23,0.0,0.0,0.0,0.0,,0.0,,,0.0,20190122.000000,20190123.000000,20190123.000000
2019-01-22,20799.000000,3755.000000,6003.000000,SPEED WAREHOUSE,3755.000000,CASCADES ENVIROPAC,2019-01-25,2019-01-25,0.0,0.0,0.0,0.0,,0.0,,,0.0,20190122.000000,20190125.000000,20190125.000000
2019-01-22,20800.000000,3755.000000,6003.000000,SPEED WAREHOUSE,3755.000000,CASCADES ENVIROPAC,2019-01-25,2019-01-28,0.0,0.0,0.0,0.0,,0.0,,,0.0,20190122.000000,20190125.000000,20190128.000000
2019-01-22,20801.000000,3755.000000,6003.000000,SPEED WAREHOUSE,3755.000000,CASCADES ENVIROPAC,2019-01-25,2019-01-28,0.0,0.0,0.0,0.0,,0.0,,,0.0,20190122.000000,20190125.000000,20190128.000000
2019-01-23,20802.000000,1424.000000,4315.000000,CFF STAINLESS STEEL,1424.000000,CAPMATIC,2019-01-24,2019-01-24,0.0,0.0,0.0,0.0,,0.0,,,0.0,20190123.000000,20190124.000000,20190124.000000
2019-01-23,20803.000000,3755.000000,5540.000000,CAN USA PAPER PACKAGING,3755.000000,CASCADES ENVIROPAC,2019-01-25,2019-01-28,0.0,0.0,0.0,0.0,,0.0,,,0.0,20190123.000000,20190125.000000,20190128.000000
2019-01-24,20805.000000,1424.000000,1424.000000,CAPMATIC,5729.000000,CAPMATIC WAREHOUSE#3,2019-01-28,2019-01-28,0.0,0.0,0.0,0.0,,0.0,,,0.0,20190124.000000,20190128.000000,20190128.000000
2019-01-28,20806.000000,1424.000000,1424.000000,CAPMATIC,4968.000000,LP TECHNOLOGIE,2019-01-29,2019-01-29,0.0,0.0,0.0,0.0,,0.0,,,0.0,20190128.000000,20190129.000000,20190129.000000
2019-01-28,20807.000000,1424.000000,5931.000000,RESISTALOY,1424.000000,CAPMATIC,2019-01-28,2019-01-29,0.0,0.0,0.0,0.0,,0.0,,,0.0,20190128.000000,20190128.000000,20190129.000000
2019-01-28,20808.000000,1424.000000,4452.000000,CAPMATIC BOOTH #4939,1424.000000,CAPMATIC,2019-02-08,2019-02-14,0.0,0.0,0.0,0.0,,0.0,,,0.0,20190128.000000,20190208.000000,20190214.000000
2019-01-28,20809.000000,1424.000000,4315.000000,CFF STAINLESS STEEL,1424.000000,CAPMATIC,2019-01-28,2019-01-29,0.0,0.0,0.0,0.0,,0.0,,,0.0,20190128.000000,20190128.000000,20190129.000000
2019-01-29,20810.000000,5918.000000,4985.000000,SONOCO AL,3169.000000,CONVERDIS,2019-01-30,2019-02-04,0.0,0.0,0.0,0.0,,0.0,,,0.0,20190129.000000,20190130.000000,20190204.000000
2019-01-30,20811.000000,1424.000000,4968.000000,LP TECHNOLOGIE,1424.000000,CAPMATIC,2019-01-29,2019-01-29,0.0,0.0,0.0,0.0,,0.0,,,0.0,20190130.000000,20190129.000000,20190129.000000
2019-01-30,20812.000000,1424.000000,4192.000000,SUPERIOR ALLOY,1424.000000,CAPMATIC,2019-02-01,2019-02-01,0.0,0.0,0.0,0.0,,0.0,,,0.0,20190130.000000,20190201.000000,20190201.000000
2019-02-01,20813.000000,1424.000000,4192.000000,SUPERIOR ALLOY,1424.000000,CAPMATIC,2019-02-04,2019-02-04,0.0,0.0,0.0,0.0,,0.0,,,0.0,20190201.000000,20190204.000000,20190204.000000
2019-02-04,20814.000000,1424.000000,1424.000000,CAPMATIC,3706.000000,DPT LABS,2019-02-05,2019-02-08,0.0,0.0,0.0,0.0,,0.0,,,0.0,20190204.000000,20190205.000000,20190208.000000
2019-02-05,20815.000000,1424.000000,4192.000000,SUPERIOR ALLOY,1424.000000,CAPMATIC,2019-02-06,2019-02-06,0.0,0.0,0.0,0.0,,0.0,,,0.0,20190205.000000,20190206.000000,20190206.000000
2019-02-05,20816.000000,3169.000000,6007.000000,CABANO DISTRIBUTION,3169.000000,CASCADES SONOCO INC.,2019-02-11,2019-02-12,0.0,0.0,0.0,0.0,,0.0,,,0.0,20190205.000000,20190211.000000,20190212.000000
2019-02-06,20817.000000,5918.000000,3169.000000,CASCADES SONOCO INC.,3762.000000,SONOCO TRENT VALLEY PLANT,2019-02-11,2019-02-14,0.0,0.0,0.0,0.0,,0.0,,,0.0,20190206.000000,20190211.000000,20190214.000000
2019-02-08,20818.000000,1424.000000,4192.000000,SUPERIOR ALLOY,1424.000000,CAPMATIC,2019-02-11,2019-02-11,0.0,0.0,0.0,0.0,,0.0,,,0.0,20190208.000000,20190211.000000,20190211.000000
2019-02-08,20819.000000,1424.000000,4915.000000,CN METAL,1424.000000,CAPMATIC,2019-02-11,2019-02-11,0.0,0.0,0.0,0.0,,0.0,,,0.0,20190208.000000,20190211.000000,20190211.000000
2019-02-08,20820.000000,5918.000000,4985.000000,SONOCO AL,3169.000000,CONVERDIS,2019-02-13,2019-02-19,0.0,0.0,0.0,0.0,,0.0,,,0.0,20190208.000000,20190213.000000,20190219.000000
2019-02-11,20821.000000,1424.000000,4864.000000,PINACLE,1424.000000,CAPMATIC,2019-02-14,2019-02-14,0.0,0.0,0.0,0.0,,0.0,,,0.0,20190211.000000,20190214.000000,20190214.000000
2019-02-12,20822.000000,1424.000000,4968.000000,LP TECHNOLOGIE,1424.000000,CAPMATIC,2019-02-12,2019-02-12,0.0,0.0,0.0,0.0,,0.0,,,0.0,20190212.000000,20190212.000000,20190212.000000
2019-02-26,20832.000000,1424.000000,4192.000000,SUPERIOR ALLOY,1424.000000,CAPMATIC,2019-02-26,2019-02-26,0.0,0.0,0.0,0.0,,0.0,,,0.0,20190226.000000,20190226.000000,20190226.000000
2019-02-15,20824.000000,1424.000000,1424.000000,CAPMATIC,6009.000000,DIASORIN MOLICULAR,2019-02-19,2019-02-26,0.0,0.0,0.0,0.0,,0.0,,,0.0,20190215.000000,20190219.000000,20190226.000000
2019-02-27,20833.000000,4948.000000,4948.000000,THEATRIXX TECHNOLOGIES,6012.000000,BB BLANC,2019-02-27,2019-02-28,0.0,0.0,0.0,0.0,,0.0,,,0.0,20190227.000000,20190227.000000,20190228.000000
2019-02-18,20826.000000,1424.000000,4192.000000,SUPERIOR ALLOY,1424.000000,CAPMATIC,2019-02-18,2019-02-18,0.0,0.0,0.0,0.0,,0.0,,,0.0,20190218.000000,20190218.000000,20190218.000000
2019-02-19,20827.000000,1424.000000,5454.000000,RYERSON INC.,1424.000000,CAPMATIC,2019-02-19,2019-02-19,0.0,0.0,0.0,0.0,,0.0,,,0.0,20190219.000000,20190219.000000,20190219.000000
2019-02-19,20828.000000,1424.000000,5796.000000,ACTION STAINLESS & ALLOY,1424.000000,CAPMATIC,2019-02-21,2019-02-25,0.0,0.0,0.0,0.0,,0.0,,,0.0,20190219.000000,20190221.000000,20190225.000000
2019-02-20,20829.000000,1424.000000,1424.000000,CAPMATIC,5729.000000,CAPMATIC WAREHOUSE#3,2019-02-22,2019-02-22,0.0,0.0,0.0,0.0,,0.0,,,0.0,20190220.000000,20190222.000000,20190222.000000
2019-02-21,20830.000000,5918.000000,3169.000000,CASCADES SONOCO INC.,6011.000000,GRAPHIC PACKAGING,2019-02-22,2019-02-28,0.0,0.0,0.0,0.0,,0.0,,,0.0,20190221.000000,20190222.000000,20190228.000000
2019-02-22,20831.000000,1424.000000,4192.000000,SUPERIOR ALLOY,1424.000000,CAPMATIC,2019-02-25,2019-02-25,0.0,0.0,0.0,0.0,,0.0,,,0.0,20190222.000000,20190225.000000,20190225.000000
2019-02-27,20834.000000,4948.000000,4948.000000,THEATRIXX TECHNOLOGIES,6013.000000,PENNECON,2019-02-28,2019-03-07,0.0,0.0,0.0,0.0,,0.0,,,0.0,20190227.000000,20190228.000000,20190307.000000
2019-02-27,20835.000000,4948.000000,4948.000000,THEATRIXX TECHNOLOGIES,6014.000000,MAGNA IV,2019-02-28,2019-03-06,0.0,0.0,0.0,0.0,,0.0,,,0.0,20190227.000000,20190228.000000,20190306.000000
2019-03-14,20854.000000,1424.000000,1424.000000,CAPMATIC,5729.000000,CAPMATIC WAREHOUSE#3,2019-03-15,2019-03-15,0.0,0.0,0.0,0.0,,0.0,,,0.0,20190314.000000,20190315.000000,20190315.000000
2019-03-19,20862.000000,1424.000000,1424.000000,CAPMATIC,6021.000000,ESC,2019-03-27,2019-03-28,0.0,0.0,0.0,0.0,,0.0,,,0.0,20190319.000000,20190327.000000,20190328.000000
2019-04-05,20876.000000,1424.000000,4192.000000,SUPERIOR ALLOY,1424.000000,CAPMATIC,2019-04-08,2019-04-08,0.0,0.0,0.0,0.0,,0.0,,,0.0,20190405.000000,20190408.000000,20190408.000000
2019-02-27,20836.000000,5918.000000,3169.000000,CASCADES SONOCO INC.,4725.000000,SONOCO BRANTFORD,2019-03-01,2019-03-04,0.0,0.0,0.0,0.0,,0.0,,,0.0,20190227.000000,20190301.000000,20190304.000000
2019-02-28,20837.000000,1424.000000,4192.000000,SUPERIOR ALLOY,1424.000000,CAPMATIC,2019-03-04,2019-03-04,0.0,0.0,0.0,0.0,,0.0,,,0.0,20190228.000000,20190304.000000,20190304.000000
2019-03-01,20838.000000,1424.000000,1424.000000,CAPMATIC,4968.000000,LP TECHNOLOGIE,2019-03-04,2019-03-04,0.0,0.0,0.0,0.0,,0.0,,,0.0,20190301.000000,20190304.000000,20190304.000000
2019-03-04,20839.000000,1424.000000,4192.000000,SUPERIOR ALLOY,1424.000000,CAPMATIC,2019-03-07,2019-03-07,0.0,0.0,0.0,0.0,,0.0,,,0.0,20190304.000000,20190307.000000,20190307.000000
2019-03-04,20840.000000,4948.000000,4948.000000,THEATRIXX TECHNOLOGIES,5407.000000,PALMER AUDIO,2019-03-04,2019-03-05,0.0,0.0,0.0,0.0,,0.0,,,0.0,20190304.000000,20190304.000000,20190305.000000
2019-03-05,20841.000000,1424.000000,5796.000000,ACTION STAINLESS & ALLOY,1424.000000,CAPMATIC,2019-03-07,2019-03-11,0.0,0.0,0.0,0.0,,0.0,,,0.0,20190305.000000,20190307.000000,20190311.000000
2019-03-07,20842.000000,1424.000000,1424.000000,CAPMATIC,3885.000000,JACOB K. JAVITS CONVENTION CENTER,2019-03-27,2019-03-29,0.0,0.0,0.0,0.0,,0.0,,,0.0,20190307.000000,20190327.000000,20190329.000000
2019-03-07,20843.000000,1424.000000,3885.000000,JACOB K. JAVITS CONVENTION CENTER,1424.000000,CAPMATIC,2019-04-05,2019-04-08,0.0,0.0,0.0,0.0,,0.0,,,0.0,20190307.000000,20190405.000000,20190408.000000
2019-03-07,20844.000000,3755.000000,5990.000000,CASCADES WHRS NIAGARA FALLS,3755.000000,CASCADES ENVIROPAC,2019-03-08,2019-03-08,0.0,0.0,0.0,0.0,,0.0,,,0.0,20190307.000000,20190308.000000,20190308.000000
2019-03-11,20846.000000,1424.000000,4192.000000,SUPERIOR ALLOY,1424.000000,CAPMATIC,2019-03-11,2019-03-11,0.0,0.0,0.0,0.0,,0.0,,,0.0,20190311.000000,20190311.000000,20190311.000000
2019-03-11,20847.000000,1424.000000,1144.000000,JOHNSTON PLASTICS,1424.000000,CAPMATIC,2019-03-12,2019-03-12,0.0,0.0,0.0,0.0,,0.0,,,0.0,20190311.000000,20190312.000000,20190312.000000
2019-03-11,20848.000000,1424.000000,1424.000000,CAPMATIC,4968.000000,LP TECHNOLOGIE,2019-03-11,2019-03-11,0.0,0.0,0.0,0.0,,0.0,,,0.0,20190311.000000,20190311.000000,20190311.000000
2019-03-11,20849.000000,1424.000000,4968.000000,LP TECHNOLOGIE,1424.000000,CAPMATIC,2019-03-11,2019-03-11,0.0,0.0,0.0,0.0,,0.0,,,0.0,20190311.000000,20190311.000000,20190311.000000
2019-03-13,20851.000000,1424.000000,4192.000000,SUPERIOR ALLOY,1424.000000,CAPMATIC,2019-03-13,2019-03-13,0.0,0.0,0.0,0.0,,0.0,,,0.0,20190313.000000,20190313.000000,20190313.000000
2019-03-13,20852.000000,4948.000000,4948.000000,THEATRIXX TECHNOLOGIES,5606.000000,THEATRIXX BOOTH SL14508,2019-03-27,2019-04-01,0.0,0.0,0.0,0.0,,0.0,,,0.0,20190313.000000,20190327.000000,20190401.000000
2019-03-13,20853.000000,4948.000000,5606.000000,THEATRIXX BOOTH SL14508,5402.000000,D & N DELIVERY SERVICE,2019-04-12,2019-04-15,0.0,0.0,0.0,0.0,,0.0,,,0.0,20190313.000000,20190412.000000,20190415.000000
2019-03-14,20855.000000,4948.000000,4948.000000,THEATRIXX TECHNOLOGIES,6018.000000,DJ EMPORIUM,2019-03-15,2019-03-18,0.0,0.0,0.0,0.0,,0.0,,,0.0,20190314.000000,20190315.000000,20190318.000000
2019-03-15,20856.000000,5918.000000,5900.000000,WESTROCK CONVERTING,3169.000000,CASCADES SONOCO INC.,2019-03-19,2019-03-21,0.0,0.0,0.0,0.0,,0.0,,,0.0,20190315.000000,20190319.000000,20190321.000000
2019-03-15,20857.000000,1424.000000,4192.000000,SUPERIOR ALLOY,1424.000000,CAPMATIC,2019-03-18,2019-03-18,0.0,0.0,0.0,0.0,,0.0,,,0.0,20190315.000000,20190318.000000,20190318.000000
2019-03-18,20858.000000,1424.000000,1424.000000,CAPMATIC,6019.000000,REDECAN,2019-03-19,2019-03-20,0.0,0.0,0.0,0.0,,0.0,,,0.0,20190318.000000,20190319.000000,20190320.000000
2019-03-18,20859.000000,1424.000000,1424.000000,CAPMATIC,6020.000000,TABASCO,2019-03-19,2019-03-22,0.0,0.0,0.0,0.0,,0.0,,,0.0,20190318.000000,20190319.000000,20190322.000000
2019-03-18,20860.000000,1424.000000,1424.000000,CAPMATIC,6020.000000,TABASCO,2019-03-19,2019-03-22,0.0,0.0,0.0,0.0,,0.0,,,0.0,20190318.000000,20190319.000000,20190322.000000
2019-03-19,20861.000000,1424.000000,4968.000000,LP TECHNOLOGIE,1424.000000,CAPMATIC,2019-03-19,2019-03-19,0.0,0.0,0.0,0.0,,0.0,,,0.0,20190319.000000,20190319.000000,20190319.000000
2019-03-19,20863.000000,3169.000000,3169.000000,CASCADES SONOCO INC.,5868.000000,WESTROCK,2019-03-21,2019-03-26,0.0,0.0,0.0,0.0,,0.0,,,0.0,20190319.000000,20190321.000000,20190326.000000
2019-03-21,20864.000000,1424.000000,1424.000000,CAPMATIC,4968.000000,LP TECHNOLOGIE,2019-03-21,2019-03-21,0.0,0.0,0.0,0.0,,0.0,,,0.0,20190321.000000,20190321.000000,20190321.000000
2019-03-22,20865.000000,1424.000000,4192.000000,SUPERIOR ALLOY,1424.000000,CAPMATIC,2019-03-25,2019-03-25,0.0,0.0,0.0,0.0,,0.0,,,0.0,20190322.000000,20190325.000000,20190325.000000
2019-03-26,20866.000000,1424.000000,4968.000000,LP TECHNOLOGIE,1424.000000,CAPMATIC,2019-03-27,2019-03-27,0.0,0.0,0.0,0.0,,0.0,,,0.0,20190326.000000,20190327.000000,20190327.000000
2019-03-26,20867.000000,5918.000000,3169.000000,CASCADES SONOCO INC.,6022.000000,BAGCRRAFT,2019-03-28,2019-04-01,0.0,0.0,0.0,0.0,,0.0,,,0.0,20190326.000000,20190328.000000,20190401.000000
2019-03-27,20868.000000,3169.000000,6022.000000,BAGCRAFT,3169.000000,CASCADES SONOCO INC.,2019-04-01,2019-04-09,0.0,0.0,0.0,0.0,,0.0,,,0.0,20190327.000000,20190401.000000,20190409.000000
2019-03-28,20869.000000,5918.000000,3169.000000,CASCADES SONOCO INC.,4725.000000,SONOCO BRANTFORD,2019-04-02,2019-04-03,0.0,0.0,0.0,0.0,,0.0,,,0.0,20190328.000000,20190402.000000,20190403.000000
2019-03-28,20870.000000,1424.000000,4192.000000,SUPERIOR ALLOY,1424.000000,CAPMATIC,2019-04-01,2019-04-02,0.0,0.0,0.0,0.0,,0.0,,,0.0,20190328.000000,20190401.000000,20190402.000000
2019-04-02,20871.000000,1424.000000,4192.000000,SUPERIOR ALLOY,1424.000000,CAPMATIC,2019-04-02,2019-04-02,0.0,0.0,0.0,0.0,,0.0,,,0.0,20190402.000000,20190402.000000,20190402.000000
2019-04-02,20872.000000,1424.000000,4968.000000,LP TECHNOLOGIE,1424.000000,CAPMATIC,2019-04-03,2019-04-03,0.0,0.0,0.0,0.0,,0.0,,,0.0,20190402.000000,20190403.000000,20190403.000000
2019-04-03,20873.000000,4948.000000,4948.000000,THEATRIXX TECHNOLOGIES,5407.000000,PALMER AUDIO,2019-04-03,2019-04-05,0.0,0.0,0.0,0.0,,0.0,,,0.0,20190403.000000,20190403.000000,20190405.000000
2019-04-04,20874.000000,1424.000000,4192.000000,SUPERIOR ALLOY,1424.000000,CAPMATIC,2019-04-04,2019-04-04,0.0,0.0,0.0,0.0,,0.0,,,0.0,20190404.000000,20190404.000000,20190404.000000
2019-04-05,20875.000000,5918.000000,3169.000000,CASCADES SONOCO INC.,3762.000000,SONOCO TRENT VALLEY PLANT,2019-04-10,2019-04-11,0.0,0.0,0.0,0.0,,0.0,,,0.0,20190405.000000,20190410.000000,20190411.000000
2019-04-09,20877.000000,1424.000000,4192.000000,SUPERIOR ALLOY,1424.000000,CAPMATIC,2019-04-10,2019-04-10,0.0,0.0,0.0,0.0,,0.0,,,0.0,20190409.000000,20190410.000000,20190410.000000
2019-04-10,20878.000000,4948.000000,5402.000000,D & N DELIVERY SERVICE,4948.000000,THEATRIXX TECHNOLOGIES,2019-04-18,2019-04-24,0.0,0.0,0.0,0.0,,0.0,,,0.0,20190410.000000,20190418.000000,20190424.000000
2019-04-11,20879.000000,1424.000000,1424.000000,CAPMATIC,4968.000000,LP TECHNOLOGIE,2019-04-11,2019-04-11,0.0,0.0,0.0,0.0,,0.0,,,0.0,20190411.000000,20190411.000000,20190411.000000
2019-04-11,20880.000000,4948.000000,5402.000000,D & N DELIVERY SERVICE,6025.000000,AV LAS VEGAS,2019-04-15,2019-04-15,0.0,0.0,0.0,0.0,,0.0,,,0.0,20190411.000000,20190415.000000,20190415.000000
2019-04-12,20881.000000,1424.000000,4192.000000,SUPERIOR ALLOY,1424.000000,CAPMATIC,2019-04-15,2019-04-15,0.0,0.0,0.0,0.0,,0.0,,,0.0,20190412.000000,20190415.000000,20190415.000000
2019-04-15,20882.000000,4948.000000,5402.000000,D & N DELIVERY SERVICE,6026.000000,CHRISTRIE LIGHT SALES,2019-04-15,2019-04-15,0.0,0.0,0.0,0.0,,0.0,,,0.0,20190415.000000,20190415.000000,20190415.000000
2019-04-16,20883.000000,1424.000000,4968.000000,LP TECHNOLOGIE,1424.000000,CAPMATIC,2019-04-17,2019-04-17,0.0,0.0,0.0,0.0,,0.0,,,0.0,20190416.000000,20190417.000000,20190417.000000
2019-04-17,20884.000000,1424.000000,4192.000000,SUPERIOR ALLOY,1424.000000,CAPMATIC,2019-04-18,2019-04-18,0.0,0.0,0.0,0.0,,0.0,,,0.0,20190417.000000,20190418.000000,20190418.000000
2019-04-18,20885.000000,1424.000000,4192.000000,SUPERIOR ALLOY,1424.000000,CAPMATIC,2019-04-23,2019-04-23,0.0,0.0,0.0,0.0,,0.0,,,0.0,20190418.000000,20190423.000000,20190423.000000
2019-04-24,20886.000000,5918.000000,3169.000000,CASCADES SONOCO INC.,6027.000000,STRATAGRAPH,2019-04-26,2019-04-29,0.0,0.0,0.0,0.0,,0.0,,,0.0,20190424.000000,20190426.000000,20190429.000000
2019-04-24,20887.000000,1424.000000,4192.000000,SUPERIOR ALLOY,1424.000000,CAPMATIC,2019-04-26,2019-04-26,0.0,0.0,0.0,0.0,,0.0,,,0.0,20190424.000000,20190426.000000,20190426.000000
2019-04-25,20888.000000,1424.000000,1424.000000,CAPMATIC,6028.000000,FAMAR,2019-04-25,2019-04-25,0.0,0.0,0.0,0.0,,0.0,,,0.0,20190425.000000,20190425.000000,20190425.000000
2019-04-29,20889.000000,1424.000000,1424.000000,CAPMATIC,6029.000000,WCM LLC,2019-05-01,2019-05-08,0.0,0.0,0.0,0.0,,0.0,,,0.0,20190429.000000,20190501.000000,20190508.000000
2019-04-30,20890.000000,1424.000000,4192.000000,SUPERIOR ALLOY,1424.000000,CAPMATIC,2019-04-30,2019-04-30,0.0,0.0,0.0,0.0,,0.0,,,0.0,20190430.000000,20190430.000000,20190430.000000
2019-05-03,20891.000000,1424.000000,4192.000000,SUPERIOR ALLOY,1424.000000,CAPMATIC,2019-05-03,2019-05-03,0.0,0.0,0.0,0.0,,0.0,,,0.0,20190503.000000,20190503.000000,20190503.000000
2019-05-03,20892.000000,4948.000000,4948.000000,THEATRIXX TECHNOLOGIES,6030.000000,TAYLOR GROUP,2019-05-03,2019-05-07,0.0,0.0,0.0,0.0,,0.0,,,0.0,20190503.000000,20190503.000000,20190507.000000
2019-05-07,20893.000000,1424.000000,4192.000000,SUPERIOR ALLOY,1424.000000,CAPMATIC,2019-05-08,2019-05-08,0.0,0.0,0.0,0.0,,0.0,,,0.0,20190507.000000,20190508.000000,20190508.000000
2019-05-09,20894.000000,1424.000000,4192.000000,SUPERIOR ALLOY,1424.000000,CAPMATIC,2019-05-14,2019-05-14,0.0,0.0,0.0,0.0,,0.0,,,0.0,20190509.000000,20190514.000000,20190514.000000
2019-05-09,20895.000000,1424.000000,4315.000000,CFF STAINLESS STEEL,1424.000000,CAPMATIC,2019-05-10,2019-05-10,0.0,0.0,0.0,0.0,,0.0,,,0.0,20190509.000000,20190510.000000,20190510.000000
2019-05-10,20896.000000,4948.000000,4948.000000,THEATRIXX TECHNOLOGIES,6031.000000,CTM SOUND INC.,2019-05-13,2019-05-16,0.0,0.0,0.0,0.0,,0.0,,,0.0,20190510.000000,20190513.000000,20190516.000000
2019-05-13,20897.000000,4948.000000,4948.000000,THEATRIXX TECHNOLOGIES,5414.000000,MVI-MULTIVISION INC.,2019-05-13,2019-05-15,0.0,0.0,0.0,0.0,,0.0,,,0.0,20190513.000000,20190513.000000,20190515.000000
2019-05-13,20898.000000,1424.000000,1424.000000,CAPMATIC,6019.000000,REDECAN,2019-05-13,2019-05-14,0.0,0.0,0.0,0.0,,0.0,,,0.0,20190513.000000,20190513.000000,20190514.000000
2019-05-17,20899.000000,4948.000000,4948.000000,THEATRIXX TECHNOLOGIES,5677.000000,FMAV,2019-05-17,2019-05-21,0.0,0.0,0.0,0.0,,0.0,,,0.0,20190517.000000,20190517.000000,20190521.000000
2019-05-17,20900.000000,5918.000000,3169.000000,CASCADES SONOCO INC.,5466.000000,SONOCO PRODUCTS,2019-05-21,2019-05-22,0.0,0.0,0.0,0.0,,0.0,,,0.0,20190517.000000,20190521.000000,20190522.000000
2019-05-21,20901.000000,1424.000000,4192.000000,SUPERIOR ALLOY,1424.000000,CAPMATIC,2019-05-21,2019-05-21,0.0,0.0,0.0,0.0,,0.0,,,0.0,20190521.000000,20190521.000000,20190521.000000
2019-05-23,20904.000000,1424.000000,4192.000000,SUPERIOR ALLOY,1424.000000,CAPMATIC,2019-05-24,2019-05-24,0.0,0.0,0.0,0.0,,0.0,,,0.0,20190523.000000,20190524.000000,20190524.000000
2019-05-23,20903.000000,3169.000000,3169.000000,CASCADES SONOCO INC.,4725.000000,SONOCO BRANTFORD,2019-05-23,2019-05-27,0.0,0.0,0.0,0.0,,0.0,,,0.0,20190523.000000,20190523.000000,20190527.000000
2019-05-28,20905.000000,4948.000000,4948.000000,THEATRIXX TECHNOLOGIES,5779.000000,THEATRIXX BOOTH # 1121,2019-06-03,2019-06-07,0.0,0.0,0.0,0.0,,0.0,,,0.0,20190528.000000,20190603.000000,20190607.000000
2019-05-29,20906.000000,5918.000000,5352.000000,KAPSTONE PAPER,3169.000000,CASCADES SONOCO INC.,2019-05-31,2019-06-03,0.0,0.0,0.0,0.0,,0.0,,,0.0,20190529.000000,20190531.000000,20190603.000000
2019-05-30,20907.000000,1424.000000,4192.000000,SUPERIOR ALLOY,1424.000000,CAPMATIC,2019-05-31,2019-05-31,0.0,0.0,0.0,0.0,,0.0,,,0.0,20190530.000000,20190531.000000,20190531.000000
2019-05-30,20908.000000,1424.000000,6035.000000,WCM MANUFACTURING,1424.000000,CAPMATIC,2019-06-04,2019-06-12,0.0,0.0,0.0,0.0,,0.0,,,0.0,20190530.000000,20190604.000000,20190612.000000
2019-06-04,20909.000000,4948.000000,5779.000000,THEATRIXX BOOTH # 1121,4948.000000,THEATRIXX TECHNOLOGIES,2019-06-15,2019-06-18,0.0,0.0,0.0,0.0,,0.0,,,0.0,20190604.000000,20190615.000000,20190618.000000
2019-06-05,20910.000000,1424.000000,4192.000000,SUPERIOR ALLOY,1424.000000,CAPMATIC,2019-06-05,2019-06-05,0.0,0.0,0.0,0.0,,0.0,,,0.0,20190605.000000,20190605.000000,20190605.000000
2019-06-06,20911.000000,1424.000000,1144.000000,JOHNSTON PLASTICS,1424.000000,CAPMATIC,2019-06-06,2019-06-06,0.0,0.0,0.0,0.0,,0.0,,,0.0,20190606.000000,20190606.000000,20190606.000000
2019-06-06,20912.000000,1424.000000,4192.000000,SUPERIOR ALLOY,1424.000000,CAPMATIC,2019-06-11,2019-06-11,0.0,0.0,0.0,0.0,,0.0,,,0.0,20190606.000000,20190611.000000,20190611.000000
2019-06-06,20913.000000,1424.000000,1424.000000,CAPMATIC,6037.000000,FORSEE PHARMACEUTICAL,2019-06-10,2019-06-13,0.0,0.0,0.0,0.0,,0.0,,,0.0,20190606.000000,20190610.000000,20190613.000000
2019-06-11,20914.000000,1424.000000,4192.000000,SUPERIOR ALLOY,1424.000000,CAPMATIC,2019-06-12,2019-06-12,0.0,0.0,0.0,0.0,,0.0,,,0.0,20190611.000000,20190612.000000,20190612.000000
2019-06-12,20915.000000,1424.000000,4192.000000,SUPERIOR ALLOY,1424.000000,CAPMATIC,2019-06-13,2019-06-13,0.0,0.0,0.0,0.0,,0.0,,,0.0,20190612.000000,20190613.000000,20190613.000000
2019-06-14,20916.000000,1424.000000,6038.000000,CAL CARGO,1424.000000,CAPMATIC,2019-06-17,2019-06-25,0.0,0.0,0.0,0.0,,0.0,,,0.0,20190614.000000,20190617.000000,20190625.000000
2019-06-19,20917.000000,1424.000000,4192.000000,SUPERIOR ALLOY,1424.000000,CAPMATIC,2019-06-20,2019-06-20,0.0,0.0,0.0,0.0,,0.0,,,0.0,20190619.000000,20190620.000000,20190620.000000
2019-06-20,20919.000000,4948.000000,4948.000000,THEATRIXX TECHNOLOGIES,5602.000000,WESTBURY NATIONAL,2019-06-27,2019-06-28,0.0,0.0,0.0,0.0,,0.0,,,0.0,20190620.000000,20190627.000000,20190628.000000
2019-06-21,20920.000000,4948.000000,4948.000000,THEATRIXX TECHNOLOGIES,6040.000000,DRUMMOND MUSIQUE,2019-06-21,2019-06-21,0.0,0.0,0.0,0.0,,0.0,,,0.0,20190621.000000,20190621.000000,20190621.000000
2019-06-21,20921.000000,4948.000000,4948.000000,THEATRIXX TECHNOLOGIES,4955.000000,SHERWOOD SYSTEM INC.,2019-06-21,2019-06-24,0.0,0.0,0.0,0.0,,0.0,,,0.0,20190621.000000,20190621.000000,20190624.000000
2019-07-04,20929.000000,4948.000000,4948.000000,THEATRIXX TECHNOLOGIES,5484.000000,FELD ENTERTAINMENT,2019-07-05,2019-07-08,0.0,0.0,0.0,0.0,,0.0,,,0.0,20190704.000000,20190705.000000,20190708.000000
2019-07-05,20930.000000,1424.000000,4192.000000,SUPERIOR ALLOY,1424.000000,CAPMATIC,2019-07-08,2019-07-08,0.0,0.0,0.0,0.0,,0.0,,,0.0,20190705.000000,20190708.000000,20190708.000000
2019-06-21,20922.000000,1424.000000,4192.000000,SUPERIOR ALLOY,1424.000000,CAPMATIC,2019-06-26,2019-06-26,0.0,0.0,0.0,0.0,,0.0,,,0.0,20190621.000000,20190626.000000,20190626.000000
2019-06-26,20923.000000,4948.000000,6042.000000,DAYSPRING PRODUCTIONS,4948.000000,THEATRIXX TECHNOLOGIES,2019-06-27,2019-07-03,0.0,0.0,0.0,0.0,,0.0,,,0.0,20190626.000000,20190627.000000,20190703.000000
2019-06-28,20924.000000,4948.000000,4948.000000,THEATRIXX TECHNOLOGIES,5602.000000,WESTBURY NATIONAL,2019-07-03,2019-07-04,0.0,0.0,0.0,0.0,,0.0,,,0.0,20190628.000000,20190703.000000,20190704.000000
2019-07-02,20925.000000,1424.000000,4192.000000,SUPERIOR ALLOY,1424.000000,CAPMATIC,2019-07-02,2019-07-02,0.0,0.0,0.0,0.0,,0.0,,,0.0,20190702.000000,20190702.000000,20190702.000000
2019-07-03,20927.000000,1424.000000,4915.000000,CN METAL,1424.000000,CAPMATIC,2019-07-03,2019-07-03,0.0,0.0,0.0,0.0,,0.0,,,0.0,20190703.000000,20190703.000000,20190703.000000
2019-07-04,20928.000000,4948.000000,4948.000000,THEATRIXX TECHNOLOGIES,6013.000000,PENNECON,2019-07-05,2019-07-11,0.0,0.0,0.0,0.0,,0.0,,,0.0,20190704.000000,20190705.000000,20190711.000000
2019-07-10,20932.000000,1424.000000,4192.000000,SUPERIOR ALLOY,1424.000000,CAPMATIC,2019-07-11,2019-07-11,0.0,0.0,0.0,0.0,,0.0,,,0.0,20190710.000000,20190711.000000,20190711.000000
2019-07-12,20933.000000,3169.000000,3169.000000,CASCADES SONOCO INC.,6044.000000,ASTRO BOX CORP.,2019-07-15,2019-07-16,0.0,0.0,0.0,0.0,,0.0,,,0.0,20190712.000000,20190715.000000,20190716.000000
2019-07-16,20934.000000,1424.000000,4192.000000,SUPERIOR ALLOY,1424.000000,CAPMATIC,2019-07-16,2019-07-16,0.0,0.0,0.0,0.0,,0.0,,,0.0,20190716.000000,20190716.000000,20190716.000000
2019-07-18,20935.000000,1424.000000,4192.000000,SUPERIOR ALLOY,1424.000000,CAPMATIC,2019-07-18,2019-07-18,0.0,0.0,0.0,0.0,,0.0,,,0.0,20190718.000000,20190718.000000,20190718.000000
2019-07-19,20936.000000,1424.000000,4192.000000,SUPERIOR ALLOY,1424.000000,CAPMATIC,2019-07-22,2019-07-22,0.0,0.0,0.0,0.0,,0.0,,,0.0,20190719.000000,20190722.000000,20190722.000000
2019-07-23,20937.000000,1424.000000,4192.000000,SUPERIOR ALLOY,1424.000000,CAPMATIC,2019-07-23,2019-07-23,0.0,0.0,0.0,0.0,,0.0,,,0.0,20190723.000000,20190723.000000,20190723.000000
2019-07-24,20938.000000,1424.000000,4192.000000,SUPERIOR ALLOY,1424.000000,CAPMATIC,2019-07-25,2019-07-25,0.0,0.0,0.0,0.0,,0.0,,,0.0,20190724.000000,20190725.000000,20190725.000000
2019-07-26,20939.000000,1424.000000,5931.000000,RESISTALOY,1424.000000,CAPMATIC,2019-07-29,2019-07-29,0.0,0.0,0.0,0.0,,0.0,,,0.0,20190726.000000,20190729.000000,20190729.000000
2019-07-29,20940.000000,1424.000000,1424.000000,CAPMATIC,6029.000000,WCM LLC,2019-07-30,2019-08-05,0.0,0.0,0.0,0.0,,0.0,,,0.0,20190729.000000,20190730.000000,20190805.000000
2019-07-30,20941.000000,1424.000000,4192.000000,SUPERIOR ALLOY,1424.000000,CAPMATIC,2019-07-30,2019-07-30,0.0,0.0,0.0,0.0,,0.0,,,0.0,20190730.000000,20190730.000000,20190730.000000
2019-07-31,20943.000000,4948.000000,4948.000000,THEATRIXX TECHNOLOGIES,6046.000000,FREEMAN AUDIO VISUAL,2019-08-01,2019-08-02,0.0,0.0,0.0,0.0,,0.0,,,0.0,20190731.000000,20190801.000000,20190802.000000
2019-08-01,20944.000000,1424.000000,1424.000000,CAPMATIC,6019.000000,REDECAN,2019-08-05,2019-08-06,0.0,0.0,0.0,0.0,,0.0,,,0.0,20190801.000000,20190805.000000,20190806.000000
2019-08-01,20945.000000,1424.000000,1424.000000,CAPMATIC,6019.000000,REDECAN,2019-08-05,2019-08-06,0.0,0.0,0.0,0.0,,0.0,,,0.0,20190801.000000,20190805.000000,20190806.000000
2019-08-05,20947.000000,1424.000000,4192.000000,SUPERIOR ALLOY,1424.000000,CAPMATIC,2019-08-05,2019-08-05,0.0,0.0,0.0,0.0,,0.0,,,0.0,20190805.000000,20190805.000000,20190805.000000
2019-08-08,20948.000000,5918.000000,4985.000000,SONOCO AL,3169.000000,CONVERDIS,2019-08-09,2019-08-12,0.0,0.0,0.0,0.0,,0.0,,,0.0,20190808.000000,20190809.000000,20190812.000000
2019-08-13,20949.000000,4938.000000,4938.000000,CASCADES SONOCO KF,6050.000000,GREIF INC.,2019-08-14,2019-08-16,0.0,0.0,0.0,0.0,,0.0,,,0.0,20190813.000000,20190814.000000,20190816.000000
2019-08-15,20950.000000,1424.000000,1144.000000,JOHNSTON PLASTICS,1424.000000,CAPMATIC,2019-08-15,2019-08-15,0.0,0.0,0.0,0.0,,0.0,,,0.0,20190815.000000,20190815.000000,20190815.000000
2019-08-15,20951.000000,1424.000000,6051.000000,POLYDX PLASTIQUE,1424.000000,CAPMATIC,2019-08-16,2019-08-16,0.0,0.0,0.0,0.0,,0.0,,,0.0,20190815.000000,20190816.000000,20190816.000000
2019-08-19,20952.000000,1424.000000,1424.000000,CAPMATIC,6029.000000,WCM LLC,2019-08-21,2019-08-26,0.0,0.0,0.0,0.0,,0.0,,,0.0,20190819.000000,20190821.000000,20190826.000000
2019-08-23,20953.000000,4938.000000,4938.000000,CASCADES SONOCO KF,6053.000000,NEPW LOGISTICS,2019-08-23,2019-08-27,0.0,0.0,0.0,0.0,,0.0,,,0.0,20190823.000000,20190823.000000,20190827.000000
2019-08-29,20954.000000,1424.000000,1424.000000,CAPMATIC,6043.000000,ALUPROTECK ANODISATION,2019-08-29,2019-08-29,0.0,0.0,0.0,0.0,,0.0,,,0.0,20190829.000000,20190829.000000,20190829.000000
2019-09-03,20955.000000,1424.000000,1424.000000,CAPMATIC,6043.000000,ALUPROTECK ANODISATION,2019-09-03,2019-09-03,0.0,0.0,0.0,0.0,,0.0,,,0.0,20190903.000000,20190903.000000,20190903.000000
2019-09-04,20956.000000,3169.000000,3169.000000,CASCADES SONOCO INC.,6056.000000,STANPAC NJ,2019-09-04,2019-09-05,0.0,0.0,0.0,0.0,,0.0,,,0.0,20190904.000000,20190904.000000,20190905.000000
2019-09-04,20957.000000,1424.000000,1424.000000,CAPMATIC,3706.000000,DPT LABS,2019-09-11,2019-09-17,0.0,0.0,0.0,0.0,,0.0,,,0.0,20190904.000000,20190911.000000,20190917.000000
2019-09-04,20958.000000,1424.000000,1424.000000,CAPMATIC,3706.000000,DPT LABS,2019-09-11,2019-09-17,0.0,0.0,0.0,0.0,,0.0,,,0.0,20190904.000000,20190911.000000,20190917.000000
2019-09-04,20959.000000,4948.000000,4948.000000,THEATRIXX TECHNOLOGIES,5779.000000,THEATRIXX BOOTH # 1121,2019-09-12,2019-09-16,0.0,0.0,0.0,0.0,,0.0,,,0.0,20190904.000000,20190912.000000,20190916.000000
2019-09-04,20960.000000,4948.000000,5779.000000,THEATRIXX BOOTH # 1121,4948.000000,THEATRIXX TECHNOLOGIES,2019-09-20,2019-09-24,0.0,0.0,0.0,0.0,,0.0,,,0.0,20190904.000000,20190920.000000,20190924.000000
2019-09-04,20961.000000,1424.000000,1424.000000,CAPMATIC,3991.000000,CAPMATIC EXPOSITION BOOTH 1201,2019-09-16,2019-09-20,0.0,0.0,0.0,0.0,,0.0,,,0.0,20190904.000000,20190916.000000,20190920.000000
2019-09-04,20962.000000,1424.000000,3991.000000,CAPMATIC EXPOSITION BOOTH 1201,1424.000000,CAPMATIC,2019-09-26,2019-10-01,0.0,0.0,0.0,0.0,,0.0,,,0.0,20190904.000000,20190926.000000,20191001.000000
2019-09-05,20963.000000,1424.000000,1424.000000,CAPMATIC,6043.000000,ALUPROTECK ANODISATION,2019-09-06,2019-09-06,0.0,0.0,0.0,0.0,,0.0,,,0.0,20190905.000000,20190906.000000,20190906.000000
2019-09-06,20965.000000,1424.000000,1144.000000,JOHNSTON PLASTICS,1424.000000,CAPMATIC,2019-09-06,2019-09-06,0.0,0.0,0.0,0.0,,0.0,,,0.0,20190906.000000,20190906.000000,20190906.000000
2019-09-09,20966.000000,1424.000000,1424.000000,CAPMATIC,6043.000000,ALUPROTECK ANODISATION,2019-09-10,2019-09-10,0.0,0.0,0.0,0.0,,0.0,,,0.0,20190909.000000,20190910.000000,20190910.000000
2019-09-09,20967.000000,1424.000000,4192.000000,SUPERIOR ALLOY,1424.000000,CAPMATIC,2019-09-10,2019-09-10,0.0,0.0,0.0,0.0,,0.0,,,0.0,20190909.000000,20190910.000000,20190910.000000
2019-09-11,20968.000000,1424.000000,6043.000000,ALUPROTECK ANODISATION,1424.000000,CAPMATIC,2019-09-11,2019-09-11,0.0,0.0,0.0,0.0,,0.0,,,0.0,20190911.000000,20190911.000000,20190911.000000
2019-09-13,20969.000000,1424.000000,5931.000000,RESISTALOY,1424.000000,CAPMATIC,2019-09-13,2019-09-13,0.0,0.0,0.0,0.0,,0.0,,,0.0,20190913.000000,20190913.000000,20190913.000000
2019-09-16,20970.000000,1424.000000,4192.000000,SUPERIOR ALLOY,1424.000000,CAPMATIC,2019-09-17,2019-09-17,0.0,0.0,0.0,0.0,,0.0,,,0.0,20190916.000000,20190917.000000,20190917.000000
2019-09-18,20971.000000,1424.000000,4192.000000,SUPERIOR ALLOY,1424.000000,CAPMATIC,2019-09-19,2019-09-19,0.0,0.0,0.0,0.0,,0.0,,,0.0,20190918.000000,20190919.000000,20190919.000000
2019-09-20,20972.000000,1424.000000,1424.000000,CAPMATIC,6043.000000,ALUPROTECK ANODISATION,2019-09-20,2019-09-20,0.0,0.0,0.0,0.0,,0.0,,,0.0,20190920.000000,20190920.000000,20190920.000000
2019-09-24,20973.000000,1424.000000,6043.000000,ALUPROTECK ANODISATION,1424.000000,CAPMATIC,2019-09-25,2019-09-25,0.0,0.0,0.0,0.0,,0.0,,,0.0,20190924.000000,20190925.000000,20190925.000000
2019-09-27,20974.000000,1424.000000,4192.000000,SUPERIOR ALLOY,1424.000000,CAPMATIC,2019-09-27,2019-09-27,0.0,0.0,0.0,0.0,,0.0,,,0.0,20190927.000000,20190927.000000,20190927.000000
2019-09-30,20975.000000,4948.000000,4948.000000,THEATRIXX TECHNOLOGIES,6058.000000,WALL SOUND & LIGHTING,2019-10-01,2019-10-02,0.0,0.0,0.0,0.0,,0.0,,,0.0,20190930.000000,20191001.000000,20191002.000000
2019-10-24,20988.000000,1424.000000,4192.000000,SUPERIOR ALLOY,1424.000000,CAPMATIC,2019-10-25,2019-10-25,0.0,0.0,0.0,0.0,,0.0,,,0.0,20191024.000000,20191025.000000,20191025.000000
2019-10-25,20989.000000,1424.000000,4192.000000,SUPERIOR ALLOY,1424.000000,CAPMATIC,2019-10-28,2019-10-28,0.0,0.0,0.0,0.0,,0.0,,,0.0,20191025.000000,20191028.000000,20191028.000000
2019-10-01,20978.000000,4948.000000,4948.000000,THEATRIXX TECHNOLOGIES,6059.000000,CASINO NEW BRUNSWICK,2019-10-03,2019-10-07,0.0,0.0,0.0,0.0,,0.0,,,0.0,20191001.000000,20191003.000000,20191007.000000
2019-10-01,20979.000000,4948.000000,6059.000000,CASINO NEW BRUNSWICK,4948.000000,THEATRIXX TECHNOLOGIES,2019-10-10,2019-10-15,0.0,0.0,0.0,0.0,,0.0,,,0.0,20191001.000000,20191010.000000,20191015.000000
2019-10-02,20980.000000,1424.000000,1144.000000,JOHNSTON PLASTICS,1424.000000,CAPMATIC,2019-10-03,2019-10-03,0.0,0.0,0.0,0.0,,0.0,,,0.0,20191002.000000,20191003.000000,20191003.000000
2019-10-07,20981.000000,1424.000000,1424.000000,CAPMATIC,6060.000000,FUGILFILM IRVINE SCIENTIFIC,2019-10-08,2019-10-18,0.0,0.0,0.0,0.0,,0.0,,,0.0,20191007.000000,20191008.000000,20191018.000000
2019-10-07,20982.000000,1424.000000,4192.000000,SUPERIOR ALLOY,1424.000000,CAPMATIC,2019-10-08,2019-10-08,0.0,0.0,0.0,0.0,,0.0,,,0.0,20191007.000000,20191008.000000,20191008.000000
2019-10-10,20983.000000,1424.000000,1424.000000,CAPMATIC,6043.000000,ALUPROTECK ANODISATION,2019-10-11,2019-10-11,0.0,0.0,0.0,0.0,,0.0,,,0.0,20191010.000000,20191011.000000,20191011.000000
2019-10-16,20984.000000,4948.000000,4948.000000,THEATRIXX TECHNOLOGIES,6061.000000,RPM EXIBIT LIGHTS INC.,2019-10-17,2019-10-18,0.0,0.0,0.0,0.0,,0.0,,,0.0,20191016.000000,20191017.000000,20191018.000000
2019-10-17,20985.000000,1424.000000,4192.000000,SUPERIOR ALLOY,1424.000000,CAPMATIC,2019-10-18,2019-10-18,0.0,0.0,0.0,0.0,,0.0,,,0.0,20191017.000000,20191018.000000,20191018.000000
2019-10-21,20986.000000,1424.000000,1424.000000,CAPMATIC,6043.000000,ALUPROTECK ANODISATION,2019-10-21,2019-10-21,0.0,0.0,0.0,0.0,,0.0,,,0.0,20191021.000000,20191021.000000,20191021.000000
2019-10-24,20987.000000,4948.000000,4948.000000,THEATRIXX TECHNOLOGIES,6062.000000,HORIZON SOLUTIONS,2019-10-25,2019-10-29,0.0,0.0,0.0,0.0,,0.0,,,0.0,20191024.000000,20191025.000000,20191029.000000
2019-10-31,20990.000000,4948.000000,4948.000000,THEATRIXX TECHNOLOGIES,6063.000000,NERFA C/O CROWN PLAZA,2019-11-01,2019-11-05,0.0,0.0,0.0,0.0,,0.0,,,0.0,20191031.000000,20191101.000000,20191105.000000
2019-10-31,20991.000000,1424.000000,1424.000000,CAPMATIC,6043.000000,ALUPROTECK ANODISATION,2019-11-01,2019-11-01,0.0,0.0,0.0,0.0,,0.0,,,0.0,20191031.000000,20191101.000000,20191101.000000
2019-10-31,20992.000000,4948.000000,6063.000000,NERFA C/O CROWN PLAZA,4948.000000,THEATRIXX TECHNOLOGIES,2019-11-13,2019-11-14,0.0,0.0,0.0,0.0,,0.0,,,0.0,20191031.000000,20191113.000000,20191114.000000
2019-11-04,20993.000000,1424.000000,4192.000000,SUPERIOR ALLOY,1424.000000,CAPMATIC,2019-11-04,2019-11-04,0.0,0.0,0.0,0.0,,0.0,,,0.0,20191104.000000,20191104.000000,20191104.000000
2019-11-04,20994.000000,1424.000000,1424.000000,CAPMATIC,6043.000000,ALUPROTECK ANODISATION,2019-11-05,2019-11-05,0.0,0.0,0.0,0.0,,0.0,,,0.0,20191104.000000,20191105.000000,20191105.000000
2019-11-06,20995.000000,1424.000000,4192.000000,SUPERIOR ALLOY,1424.000000,CAPMATIC,2019-11-07,2019-11-07,0.0,0.0,0.0,0.0,,0.0,,,0.0,20191106.000000,20191107.000000,20191107.000000
2019-11-08,20997.000000,4948.000000,4948.000000,THEATRIXX TECHNOLOGIES,5606.000000,THEATRIXX BOOTH 1105,2019-11-14,2019-11-18,0.0,0.0,0.0,0.0,,0.0,,,0.0,20191108.000000,20191114.000000,20191118.000000
2019-11-15,21005.000000,1424.000000,4192.000000,SUPERIOR ALLOY,1424.000000,CAPMATIC,2019-11-18,2019-11-18,0.0,0.0,0.0,0.0,,0.0,,,0.0,20191115.000000,20191118.000000,20191118.000000
2019-11-11,20998.000000,1424.000000,1424.000000,CAPMATIC,3991.000000,CAPMATIC EXPOSITION BOOTH C2425,2019-12-05,2019-12-09,0.0,0.0,0.0,0.0,,0.0,,,0.0,20191111.000000,20191205.000000,20191209.000000
2019-11-11,20999.000000,1424.000000,3991.000000,CAPMATIC EXPOSITION BOOTH C2425,1424.000000,CAPMATIC,2019-12-14,2019-12-17,0.0,0.0,0.0,0.0,,0.0,,,0.0,20191111.000000,20191214.000000,20191217.000000
2019-11-11,21000.000000,1424.000000,1424.000000,CAPMATIC,6043.000000,ALUPROTECK ANODISATION,2019-11-11,2019-11-11,0.0,0.0,0.0,0.0,,0.0,,,0.0,20191111.000000,20191111.000000,20191111.000000
2019-11-11,21001.000000,1424.000000,4192.000000,SUPERIOR ALLOY,1424.000000,CAPMATIC,2019-11-11,2019-11-11,0.0,0.0,0.0,0.0,,0.0,,,0.0,20191111.000000,20191111.000000,20191111.000000
2019-11-12,21002.000000,4948.000000,5606.000000,THEATRIXX BOOTH 1105,4948.000000,THEATRIXX TECHNOLOGIES,2019-11-25,2019-12-02,0.0,0.0,0.0,0.0,,0.0,,,0.0,20191112.000000,20191125.000000,20191202.000000
2019-11-13,21003.000000,1424.000000,6043.000000,ALUPROTECK ANODISATION,1424.000000,CAPMATIC,2019-11-13,2019-11-13,0.0,0.0,0.0,0.0,,0.0,,,0.0,20191113.000000,20191113.000000,20191113.000000
2019-11-13,21004.000000,1424.000000,1144.000000,JOHNSTON PLASTICS,1424.000000,CAPMATIC,2019-11-14,2019-11-14,0.0,0.0,0.0,0.0,,0.0,,,0.0,20191113.000000,20191114.000000,20191114.000000
2019-11-19,21006.000000,1424.000000,1424.000000,CAPMATIC,6043.000000,ALUPROTECK ANODISATION,2019-11-19,2019-11-19,0.0,0.0,0.0,0.0,,0.0,,,0.0,20191119.000000,20191119.000000,20191119.000000
2019-11-20,21007.000000,1273.000000,1079.000000,AEP CANADA,1273.000000,MULTIPLUS,2019-12-05,2019-12-06,0.0,0.0,0.0,0.0,,0.0,,,0.0,20191120.000000,20191205.000000,20191206.000000
2019-11-27,21008.000000,1424.000000,1424.000000,CAPMATIC,6065.000000,HIGH PARK CANNABIS,2019-12-12,2019-12-13,0.0,0.0,0.0,0.0,,0.0,,,0.0,20191127.000000,20191212.000000,20191213.000000
2019-11-27,21009.000000,1424.000000,1424.000000,CAPMATIC,6065.000000,HIGH PARK CANNABIS,2019-12-13,2019-12-16,0.0,0.0,0.0,0.0,,0.0,,,0.0,20191127.000000,20191213.000000,20191216.000000
2019-11-27,21010.000000,5918.000000,6066.000000,WHAREHOUSE SPECIALISTS,3169.000000,CASCADES SONOCO INC.,2019-12-06,2019-12-12,0.0,0.0,0.0,0.0,,0.0,,,0.0,20191127.000000,20191206.000000,20191212.000000
2019-11-28,21011.000000,1424.000000,4192.000000,SUPERIOR ALLOY,1424.000000,CAPMATIC,2019-11-29,2019-11-29,0.0,0.0,0.0,0.0,,0.0,,,0.0,20191128.000000,20191129.000000,20191129.000000
2019-12-04,21012.000000,1424.000000,4192.000000,SUPERIOR ALLOY,1424.000000,CAPMATIC,2019-12-04,2019-12-04,0.0,0.0,0.0,0.0,,0.0,,,0.0,20191204.000000,20191204.000000,20191204.000000
2019-12-06,21013.000000,1424.000000,4192.000000,SUPERIOR ALLOY,1424.000000,CAPMATIC,2019-12-09,2019-12-09,0.0,0.0,0.0,0.0,,0.0,,,0.0,20191206.000000,20191209.000000,20191209.000000
2019-12-11,21014.000000,1424.000000,4192.000000,SUPERIOR ALLOY,1424.000000,CAPMATIC,2019-12-12,2019-12-12,0.0,0.0,0.0,0.0,,0.0,,,0.0,20191211.000000,20191212.000000,20191212.000000
2019-12-12,21015.000000,1424.000000,1424.000000,CAPMATIC,6067.000000,LANNETT C/O A&A MACHINERY,2020-01-17,2020-01-20,0.0,0.0,0.0,0.0,,0.0,,,0.0,20191212.000000,20200117.000000,20200120.000000
2019-12-17,21016.000000,3169.000000,3169.000000,CASCADES SONOCO INC.,4725.000000,SONOCO BRANTFORD,2019-12-18,2019-12-19,0.0,0.0,0.0,0.0,,0.0,,,0.0,20191217.000000,20191218.000000,20191219.000000
2019-12-18,21017.000000,1424.000000,4315.000000,CFF STAINLESS STEEL,1424.000000,CAPMATIC,2019-12-19,2019-12-19,0.0,0.0,0.0,0.0,,0.0,,,0.0,20191218.000000,20191219.000000,20191219.000000
2019-12-18,21018.000000,1424.000000,1424.000000,CAPMATIC,6069.000000,CATALENTANT PHARMA SOLUTIONS,2019-12-20,2019-12-23,0.0,0.0,0.0,0.0,,0.0,,,0.0,20191218.000000,20191220.000000,20191223.000000
