order_no	req_pu_date	customer	origin	destination	revenue	cost	margin	distance_km	revenue_per_km	cost_per_km	margin_per_km
22017	2024-01-04	CAPMATIC	BOUCHERVILLE,PQ	MONTREAL-NORD,PQ	225.0	130.0	95.0	18.765	11.9904	6.9278	5.0626
22018	2024-01-09	CAPMATIC			240.0	130.0	110.0				
22019	2024-01-09	CAPMATIC	LACHINE,PQ	MONTREAL-NORD,PQ	150.0	100.0	50.0	41.382	3.6248	2.4165	1.2083
22020	2024-01-10	SCOTTS CANADA LTD			1300.0	1000.0	300.0				
22021	2024-01-11	SCOTTS CANADA LTD			1300.0	1000.0	300.0				
22022	2024-01-09	SCOTTS CANADA LTD			485.0	359.52	125.48				
22023	2024-01-12	SCOTTS CANADA LTD			950.0	750.0	200.0				
22024	2024-01-11	SCOTTS CANADA LTD			725.0	525.0	200.0				
22025	2024-01-16	EMBALLAGES AT	MIRABEL,PQ	AMOS,PQ	650.0	325.0	325.0	535.1762720094367	1.2146	0.6073	0.6073
22026	2024-01-16	EMBALLAGES AT	MIRABEL,PQ	ST-FÉLICIEN,PQ	425.0	341.7	83.3	432.036679862751	0.9837	0.7909	0.1928
22027	2024-01-16	DEXTER	LONGUEUIL,PQ	TILLSONBURGH,ON	1750.0	1400.0	350.0	1350.0861919124952	1.2962	1.037	0.2592
22028	2024-01-23	SCOTTS CANADA LTD			1475.0	1175.0	300.0				
22029	2024-01-23	CAPMATIC	BOUCHERVILLE,PQ	MONTREAL-NORD,PQ	150.0	100.0	50.0	18.765	7.9936	5.3291	2.6645
22030	2024-01-26	EMBALLAGES AT	MIRABEL,PQ	COURCELLES,PQ	220.0	160.0	60.0	288.1398377506441	0.7635	0.5553	0.2082
22031	2024-01-29	CAPMATIC	BOUCHERVILLE,PQ	MONTREAL-NORD,PQ	225.0	130.0	95.0	18.765	11.9904	6.9278	5.0626
22033	2024-02-01	CAPMATIC			6050.0	5000.0	1050.0				
22034	2024-02-02	CAPMATIC			6050.0	5000.0	1050.0				
22035	2024-02-05	CAPMATIC	BOUCHERVILLE,PQ	MONTREAL-NORD,PQ	150.0	100.0	50.0	18.765	7.9936	5.3291	2.6645
22037	2024-02-07	SCOTTS CANADA LTD			2400.0	2100.0	300.0				
22038	2024-02-07	CAPMATIC	DORVAL,PQ	MONTREAL-NORD,PQ	225.0	175.0	50.0	43.72	5.1464	4.0027	1.1436
22039	2024-02-20	SCOTTS CANADA LTD			2400.0	2100.0	300.0				
22042	2024-02-14	DEXTER	LONGUEUIL,PQ	TILLSONBURGH,ON	1400.0	1100.0	300.0	1350.0861919124952	1.037	0.8148	0.2222
22043	2024-02-15	CAPMATIC	BOUCHERVILLE,PQ	MONTREAL-NORD,PQ	150.0	100.0	50.0	18.765	7.9936	5.3291	2.6645
22044	2024-02-22	SCOTTS CANADA LTD			2400.0	2100.0	300.0				
22045	2024-02-15	SCOTTS CANADA LTD			600.0	475.0	125.0				
22046	2024-02-16	CAPMATIC	BOUCHERVILLE,PQ	MONTREAL-NORD,PQ	250.0	145.0	105.0	18.765	13.3227	7.7272	5.5955
22047	2024-02-20	EMBALLAGES AT	MIRABEL,PQ	RIVIERE-HEVA,PQ	350.0	250.0	100.0	511.1775533699631	0.6847	0.4891	0.1956
22048	2024-02-22	CAPMATIC			165.0	115.0	50.0				
22049	2024-02-22	CAPMATIC	TERREBONNE,PQ	MONTREAL-NORD,PQ	165.0	115.0	50.0	17.134237980667216	9.6298	6.7117	2.9181
22050	2024-02-22	CAPMATIC	BOUCHERVILLE,PQ	MONTREAL-NORD,PQ	150.0	100.0	50.0	18.765	7.9936	5.3291	2.6645
22051	2024-02-23	SCOTTS CANADA LTD			2400.0	2100.0	300.0				
22052	2024-02-27	EMBALLAGES AT			5.0	290.0	105.0				
22053	2024-02-29	SCOTTS CANADA LTD	LACHINE,PQ	DELHI,ON	625.0	450.0	175.0	738.0103549207273	0.8469	0.6097	0.2371
22054	2024-02-29	CAPMATIC	LACHINE,PQ	MONTREAL-NORD,PQ	150.0	100.0	50.0	41.382	3.6248	2.4165	1.2083
22055	2024-03-05	SCOTTS CANADA LTD			2400.0	2000.0	400.0				
22056	2024-03-01	ENGRAIS McINNES	STANSTEAD,PQ	BURLINGTON,ON	1150.0	950.0	200.0	770.2409860166127	1.493	1.2334	0.2597
22057	2024-03-13	CAPMATIC			4000.0	3000.0	1000.0				
22058	2024-03-08	SCOTTS CANADA LTD			1300.0	1000.0	300.0				
22059	2024-03-12	SCOTTS CANADA LTD			1300.0	1000.0	300.0				
22060	2024-03-23	CAPMATIC	PHILADELPHIA,PA	MONTREAL-NORD,PQ	3750.0	3000.0	750.0	755.492	4.9637	3.9709	0.9927
22061	2024-03-07	CAPMATIC	ST-LAURENT ,PQ	MONTREAL-NORD,PQ	150.0	100.0	50.0	16.2226435584249	9.2463	6.1642	3.0821
22062	2024-03-08	SCOTTS CANADA LTD			865.0	675.0	190.0				
22063	2024-03-11	DEXTER	LONGUEUIL,PQ	TRURO,NS	1375.0	1100.0	275.0	1141.781	1.2043	0.9634	0.2409
22064	2024-03-12	CAPMATIC	BOUCHERVILLE,PQ	MONTREAL-NORD,PQ	150.0	100.0	50.0	18.765	7.9936	5.3291	2.6645
22065	2024-03-14	SCOTTS CANADA LTD	LACHINE,PQ	DELHI,ON	465.0	384.38	80.62	738.0103549207273	0.6301	0.5208	0.1092
22066	2024-03-15	SCOTTS CANADA LTD			575.0	550.3	24.7				
22067	2024-03-19	CAPMATIC	BOUCHERVILLE,PQ	MONTREAL-NORD,PQ	150.0	115.0	35.0	18.765	7.9936	6.1284	1.8652
22068	2024-03-20	DEXTER			1150.0	900.0	250.0				
22069	2024-03-19	EMBALLAGES AT	MIRABEL,PQ	AMOS,PQ	750.0	550.0	200.0	535.1762720094367	1.4014	1.0277	0.3737
22070	2024-03-22	SCOTTS CANADA LTD			1300.0	1000.0	300.0				
22071	2024-03-20	CAPMATIC	ST-LAURENT ,PQ	MONTREAL-NORD,PQ	150.0	100.0	50.0	16.2226435584249	9.2463	6.1642	3.0821
22072	2024-03-20	SCOTTS CANADA LTD			875.0	600.0	275.0				
22073	2024-03-20	CAPMATIC	LAVAL,PQ	MONTREAL-NORD,PQ	150.0	100.0	50.0	11.539	12.9994	8.6663	4.3331
22074	2024-03-21	SCOTTS CANADA LTD			2400.0	2000.0	400.0				
22075	2024-03-21	SCOTTS CANADA LTD	MIRAMICHI,NB	L'ORIGNAL,ON	1450.0	1150.0	300.0	925.469	1.5668	1.2426	0.3242
22076	2024-03-22	SCOTTS CANADA LTD	LACHINE,PQ	DELHI,ON	675.0	500.0	175.0	738.0103549207273	0.9146	0.6775	0.2371
22077	2024-03-26	SCOTTS CANADA LTD			1300.0	1000.0	300.0				
22078	2024-03-27	SCOTTS CANADA LTD			1300.0	1000.0	300.0				
22079	2024-03-27	SCOTTS CANADA LTD			2400.0	2000.0	400.0				
22080	2024-04-03	SCOTTS CANADA LTD			1300.0	1000.0	300.0				
22081	2024-04-05	SCOTTS CANADA LTD			1300.0	1000.0	300.0				
22082	2024-03-28	CAPMATIC			150.0	115.0	35.0				
22083	2024-03-28	CAPMATIC	TERREBONNE,PQ	MONTREAL-NORD,PQ	265.0	145.0	120.0	17.134237980667216	15.4661	8.4626	7.0035
22085	2024-04-03	CAPMATIC			2200.0	1700.0	500.0				
22086	2024-04-02	SCOTTS CANADA LTD			2400.0	2100.0	300.0				
22087	2024-04-03	THEATRIXX TECHNOLOGIES	MONTREAL,PQ	LAS VEGAS,NV	7500.0	6500.0	1000.0	4166.322	1.8001	1.5601	0.24
22088	2024-04-03	SCOTTS CANADA LTD			385.0	325.0	60.0				
22089	2024-04-04	CAPMATIC			235.0	130.0	105.0				
22090	2024-04-08	SCOTTS CANADA LTD			2400.0	2100.0	300.0				
22091	2024-04-10	SCOTTS CANADA LTD			2400.0	2100.0	300.0				
22092	2024-04-10	SCOTTS CANADA LTD			1300.0	1000.0	300.0				
22095	2024-04-11	SCOTTS CANADA LTD			1300.0	1000.0	300.0				
22096	2024-04-12	SCOTTS CANADA LTD			1300.0	1000.0	300.0				
22097	2024-04-05	SCOTTS CANADA LTD			385.0	325.0	60.0				
22098	2024-04-05	SCOTTS CANADA LTD	DELHI,ON	ROCKY VIEW,AB	1200.0	1000.0	200.0	3209.520166053831	0.3739	0.3116	0.0623
22099	2024-04-08	CAPMATIC	BOUCHERVILLE,PQ	MONTREAL-NORD,PQ	250.0	145.0	105.0	18.765	13.3227	7.7272	5.5955
22100	2024-04-10	CAPMATIC	BOUCHERVILLE,PQ	MONTREAL-NORD,PQ	250.0	145.0	105.0	18.765	13.3227	7.7272	5.5955
22101	2024-04-10	DEXTER	LONGUEUIL,PQ	THURSO,PQ	875.0	675.0	200.0	174.878	5.0035	3.8598	1.1437
22102	2024-04-15	SCOTTS CANADA LTD			1300.0	1000.0	300.0				
22103	2024-04-16	SCOTTS CANADA LTD			1300.0	1000.0	300.0				
22104	2024-04-17	SCOTTS CANADA LTD			1300.0	1000.0	300.0				
22105	2024-04-18	SCOTTS CANADA LTD			1200.0	900.0	300.0				
22106	2024-04-18	THEATRIXX TECHNOLOGIES	LAS VEGAS,NV	MONTREAL,PQ	7072.0	6259.9	812.1	4169.084	1.6963	1.5015	0.1948
22107	2024-04-18	SCOTTS CANADA LTD			2400.0	2100.0	300.0				
22108	2024-04-15	SCOTTS CANADA LTD			2400.0	2100.0	300.0				
22109	2024-04-16	SCOTTS CANADA LTD			2400.0	2000.0	400.0				
22110	2024-04-15	CAPMATIC	BOUCHERVILLE,PQ	MONTREAL-NORD,PQ	150.0	100.0	50.0	18.765	7.9936	5.3291	2.6645
22111	2024-04-16	CAPMATIC			240.0	130.0	110.0				
22112	2024-04-16	EMBALLAGES AT	MIRABEL,PQ	AMOS,PQ	750.0	550.0	200.0	535.1762720094367	1.4014	1.0277	0.3737
22113	2024-04-16	SCOTTS CANADA LTD	LACHINE,PQ	DELHI,ON	975.0	750.0	225.0	738.0103549207273	1.3211	1.0162	0.3049
22114	2024-04-22	SCOTTS CANADA LTD			1300.0	1000.0	300.0				
22117	2024-04-23	SCOTTS CANADA LTD			2400.0	2100.0	300.0				
22118	2024-04-25	SCOTTS CANADA LTD			2400.0	2100.0	300.0				
22119	2024-04-17	ENGRAIS McINNES	STANSTEAD,PQ	DRUMMONDVILLE,PQ	435.0	355.0	80.0	128.523	3.3846	2.7622	0.6225
22120	2024-04-18	CAPMATIC	BOUCHERVILLE,PQ	MONTREAL-NORD,PQ	150.0	100.0	50.0	18.765	7.9936	5.3291	2.6645
22121	2024-04-22	SCOTTS CANADA LTD			2400.0	2000.0	400.0				
22122	2024-04-26	SCOTTS CANADA LTD	MIRAMICHI,NB	L'ORIGNAL,ON	1450.0	1150.0	300.0	925.469	1.5668	1.2426	0.3242
22123	2024-04-25	SCOTTS CANADA LTD	MIRAMICHI,NB	L'ORIGNAL,ON	1450.0	1150.0	300.0	925.469	1.5668	1.2426	0.3242
22124	2024-04-23	CAPMATIC	FAIRFIELD,NJ	MONTREAL-NORD,PQ	1900.0	1400.0	500.0	633.756284243238	2.998	2.2091	0.7889
22125	2024-04-26	CAPMATIC	BOUCHERVILLE,PQ	MONTREAL-NORD,PQ	150.0	100.0	50.0	18.765	7.9936	5.3291	2.6645
22126	2024-04-26	CAPMATIC			7950.0	6800.0	1150.0				
22127	2024-04-25	CAPMATIC	LACHINE,PQ	MONTREAL-NORD,PQ	150.0	100.0	50.0	41.382	3.6248	2.4165	1.2083
22128	2024-04-30	SCOTTS CANADA LTD			1300.0	1000.0	300.0				
22129	2024-05-01	SCOTTS CANADA LTD			1500.0	1100.0	400.0				
22130	2024-05-02	SCOTTS CANADA LTD			2400.0	2100.0	300.0				
22132	2024-05-02	SCOTTS CANADA LTD			2400.0	2000.0	400.0				
22133	2024-05-02	ENGRAIS McINNES	STANSTEAD,PQ	ST-DONAT,PQ	585.0	375.0	210.0	289.118	2.0234	1.297	0.7263
22134	2024-05-02	EMBALLAGES AT	MIRABEL,PQ	COURCELLES,PQ	220.0	160.0	60.0	288.1398377506441	0.7635	0.5553	0.2082
22135	2024-05-02	SCOTTS CANADA LTD	LACHINE,PQ	DELHI,ON	775.0	600.0	175.0	738.0103549207273	1.0501	0.813	0.2371
22136	2024-05-02	CAPMATIC	LE GARDEUR,PQ	MONTREAL-NORD,PQ	165.0	115.0	50.0	944.257729746171	0.1747	0.1218	0.053
22137	2024-05-06	SCOTTS CANADA LTD			2400.0	2100.0	300.0				
22138	2024-05-09	SCOTTS CANADA LTD			2400.0	2100.0	300.0				
22139	2024-05-10	CAPMATIC			5990.0	5200.0	790.0				
22140	2024-05-30	THEATRIXX TECHNOLOGIES	MONTREAL,PQ	LAS VEGAS,NV	8245.0	6800.0	1445.0	4166.322	1.979	1.6321	0.3468
22141	2024-05-07	SCOTTS CANADA LTD	LACHINE,PQ	DELHI,ON	750.0	550.0	200.0	738.0103549207273	1.0162	0.7452	0.271
22142	2024-05-09	SCOTTS CANADA LTD			1300.0	1000.0	300.0				
22143	2024-05-08	DEXTER	LONGUEUIL,PQ	L'ISLE-VERTE,PQ	995.0	750.0	245.0	447.68	2.2226	1.6753	0.5473
22144	2024-05-14	SCOTTS CANADA LTD			2400.0	2100.0	300.0				
22145	2024-05-15	SCOTTS CANADA LTD			1300.0	1000.0	300.0				
22146	2024-05-17	SCOTTS CANADA LTD			1300.0	1000.0	300.0				
22147	2024-05-14	CAPMATIC	BOUCHERVILLE,PQ	MONTREAL-NORD,PQ	150.0	100.0	50.0	18.765	7.9936	5.3291	2.6645
22148	2024-05-14	EMBALLAGES AT	LANDRIENNE,PQ	MIRABEL,PQ	1700.0	1500.0	200.0	524.3974424244166	3.2418	2.8604	0.3814
22149	2024-05-15	SCOTTS CANADA LTD	DELHI,ON	MIRAMICHI,NB	3350.0	3000.0	350.0	1514.446	2.212	1.9809	0.2311
22150	2024-05-22	SCOTTS CANADA LTD			1300.0	1000.0	300.0				
22151	2024-05-24	SCOTTS CANADA LTD			1300.0	1000.0	300.0				
22152	2024-05-21	CAPMATIC	BOUCHERVILLE,PQ	MONTREAL-NORD,PQ	250.0	145.0	105.0	18.765	13.3227	7.7272	5.5955
22153	2024-05-22	SCOTTS DELHI	DELHI,ON	MIRAMICHI,NB	3350.0	3000.0	350.0	1514.446	2.212	1.9809	0.2311
22154	2024-05-22	DEXTER	LONGUEUIL,PQ	MIRAMICHI,NB	1650.0	1375.0	275.0	805.501	2.0484	1.707	0.3414
22155	2024-05-28	SCOTTS CANADA LTD			2400.0	2100.0	300.0				
22156	2024-05-29	SCOTTS CANADA LTD			2400.0	2000.0	400.0				
22157	2024-05-30	SCOTTS CANADA LTD			2400.0	2100.0	300.0				
22158	2024-05-22	EMBALLAGES AT	MIRABEL,PQ	AMOS,PQ	750.0	550.0	200.0	535.1762720094367	1.4014	1.0277	0.3737
22159	2024-05-23	DEXTER	LONGUEUIL,PQ	ST-ROMAIN,PQ	1175.0	947.24	227.76	220.9070504454267	5.319	4.288	1.031
22160	2024-05-24	SCOTTS CANADA LTD			975.0	800.0	175.0				
22161	2024-05-24	SCOTTS DELHI	DELHI,ON	L'ORIGNAL,ON	375.0	288.69	86.31	659.857	0.5683	0.4375	0.1308
22162	2024-05-23	SCOTTS DELHI	DELHI,ON	ROCKY VIEW,AB	850.0	650.0	200.0	3209.520166053831	0.2648	0.2025	0.0623
22163	2024-05-24	SCOTTS DELHI			1300.0	1000.0	300.0				
22164	2024-05-24	SCOTTS DELHI			1300.0	1000.0	300.0				
22165	2024-05-23	EMBALLAGES AT			875.0	800.0	75.0				
22166	2024-05-29	SCOTTS CANADA LTD			1300.0	1000.0	300.0				
22167	2024-05-30	SCOTTS CANADA LTD			1300.0	1000.0	300.0				
22168	2024-05-31	SCOTTS CANADA LTD			1300.0	1000.0	300.0				
22169	2024-05-27	CAPMATIC			285.0	160.0	125.0				
22170	2024-05-27	SCOTTS DELHI			1650.0	1650.0	0.0				
22171	2024-05-30	CAPMATIC			240.0	130.0	110.0				
22172	2024-05-30	CAPMATIC	TERREBONNE,PQ	MONTREAL-NORD,PQ	100.0	75.0	25.0	17.134237980667216	5.8363	4.3772	1.4591
22173	2024-05-29	SCOTTS DELHI			1150.0	900.0	250.0				
22174	2024-05-31	CAPMATIC			450.0	250.0	200.0				
22175	2024-06-03	CAPMATIC	DORVAL,PQ	MONTREAL-NORD,PQ	225.0	145.0	80.0	43.72	5.1464	3.3166	1.8298
22176	2024-06-15	THEATRIXX TECHNOLOGIES	LAS VEGAS,NV	MONTREAL,PQ	11900.0	10750.0	1150.0	4169.084	2.8543	2.5785	0.2758
22177	2024-06-03	SCOTTS CANADA LTD	MIRAMICHI,NB	BOUCHERVILLE,PQ	1450.0	1050.0	400.0	800.748	1.8108	1.3113	0.4995
22178	2024-06-06	SCOTTS CANADA LTD			1500.0	1100.0	400.0				
22179	2024-06-03	DEXTER	LONGUEUIL,PQ	DRUMMONDVILLE,PQ	850.0	600.0	250.0	93.291	9.1113	6.4315	2.6798
22180	2024-06-07	SCOTTS CANADA LTD			1300.0	1000.0	300.0				
22181	2024-06-04	CAPMATIC	BOUCHERVILLE,PQ	MONTREAL-NORD,PQ	225.0	130.0	95.0	18.765	11.9904	6.9278	5.0626
22182	2024-06-07	SCOTTS DELHI			397.07	328.07	69.0				
22183	2024-06-10	SCOTTS CANADA LTD			1300.0	1000.0	300.0				
22185	2024-06-14	SCOTTS CANADA LTD			1300.0	1100.0	200.0				
22186	2024-06-10	CAPMATIC	BOUCHERVILLE,PQ	MONTREAL-NORD,PQ	300.0	175.0	125.0	18.765	15.9872	9.3259	6.6613
22187	2024-06-10	ENGRAIS McINNES			1450.0	1100.0	350.0				
22188	2024-06-12	ENGRAIS McINNES			1450.0	1100.0	350.0				
22189	2024-06-13	CAPMATIC	LAREDO ,TX	MONTREAL-NORD,PQ	6150.0	4900.0	1250.0	3502.715	1.7558	1.3989	0.3569
22190	2024-06-12	SCOTTS CANADA LTD	LACHINE,PQ	DELHI,ON	550.0	397.99	152.01	738.0103549207273	0.7452	0.5393	0.206
22191	2024-06-17	SCOTTS CANADA LTD			1300.0	1000.0	300.0				
22192	2024-06-19	SCOTTS CANADA LTD			1500.0	1100.0	400.0				
22193	2024-06-13	SCOTTS DELHI			606.0	454.85	151.15				
22194	2024-06-13	SCOTTS CANADA LTD	MIRAMICHI,NB	DELHI,ON	895.0	682.68	212.32	1516.661	0.5901	0.4501	0.14
22195	2024-06-14	DEXTER	LONGUEUIL,PQ	DUNVEGAN,ON	850.0	600.0	250.0	127.79372187318452	6.6513	4.6951	1.9563
22196	2024-06-14	SCOTTS DELHI	DELHI,ON	BOUCHERVILLE,PQ	1950.0	1600.0	350.0	727.108	2.6819	2.2005	0.4814
22197	2024-06-14	SCOTTS DELHI	DELHI,ON	BOUCHERVILLE,PQ	1950.0	1600.0	350.0	727.108	2.6819	2.2005	0.4814
22198	2024-06-14	SCOTTS DELHI	DELHI,ON	BOUCHERVILLE,PQ	1950.0	1600.0	350.0	727.108	2.6819	2.2005	0.4814
22199	2024-06-18	SCOTTS DELHI	DELHI,ON	BOUCHERVILLE,PQ	1950.0	1600.0	350.0	727.108	2.6819	2.2005	0.4814
22200	2024-06-19	SCOTTS DELHI	DELHI,ON	BOUCHERVILLE,PQ	1950.0	1750.0	200.0	727.108	2.6819	2.4068	0.2751
22201	2024-06-18	SCOTTS DELHI	DELHI,ON	BOUCHERVILLE,PQ	1950.0	1600.0	350.0	727.108	2.6819	2.2005	0.4814
22202	2024-06-18	SCOTTS DELHI	DELHI,ON	BOUCHERVILLE,PQ	1950.0	1600.0	350.0	727.108	2.6819	2.2005	0.4814
22203	2024-06-19	SCOTTS DELHI	DELHI,ON	BOUCHERVILLE,PQ	1950.0	1600.0	350.0	727.108	2.6819	2.2005	0.4814
22204	2024-06-19	SCOTTS DELHI	DELHI,ON	BOUCHERVILLE,PQ	1950.0	1600.0	350.0	727.108	2.6819	2.2005	0.4814
22205	2024-06-19	SCOTTS DELHI	DELHI,ON	BOUCHERVILLE,PQ	1950.0	1600.0	350.0	727.108	2.6819	2.2005	0.4814
22206	2024-06-19	SCOTTS DELHI	DELHI,ON	BOUCHERVILLE,PQ	1950.0	1600.0	350.0	727.108	2.6819	2.2005	0.4814
22207	2024-06-17	CAPMATIC	BOUCHERVILLE,PQ	MONTREAL-NORD,PQ	150.0	100.0	50.0	18.765	7.9936	5.3291	2.6645
22208	2024-06-20	SCOTTS DELHI	DELHI,ON	BOUCHERVILLE,PQ	1950.0	1600.0	350.0	727.108	2.6819	2.2005	0.4814
22209	2024-06-20	SCOTTS DELHI	DELHI,ON	BOUCHERVILLE,PQ	1950.0	1600.0	350.0	727.108	2.6819	2.2005	0.4814
22210	2024-06-20	SCOTTS DELHI	DELHI,ON	BOUCHERVILLE,PQ	1950.0	1600.0	350.0	727.108	2.6819	2.2005	0.4814
22211	2024-06-20	SCOTTS DELHI	DELHI,ON	BOUCHERVILLE,PQ	1950.0	1600.0	350.0	727.108	2.6819	2.2005	0.4814
22212	2024-06-21	SCOTTS DELHI			2150.0	1775.0	375.0				
22213	2024-06-20	SCOTTS DELHI	DELHI,ON	MONCTON,NB	4275.0	4200.0	75.0	1553.6435942292167	2.7516	2.7033	0.0483
22214	2024-06-20	SCOTTS DELHI	DELHI,ON	SAINT JOHN,NB	4225.0	3400.0	825.0	1564.066	2.7013	2.1738	0.5275
22215	2024-06-21	SCOTTS DELHI			2150.0	1775.0	375.0				
22216	2024-06-21	SCOTTS DELHI			2150.0	1775.0	375.0				
22217	2024-06-21	SCOTTS DELHI			2150.0	1775.0	375.0				
22218	2024-06-20	DEXTER	LONGUEUIL,PQ	ST-VALÈRE,PQ	750.0	520.0	230.0	130.369	5.7529	3.9887	1.7642
22219	2024-06-21	SCOTTS DELHI	DELHI,ON	ROCKY VIEW,AB	1650.0	1250.0	400.0	3209.520166053831	0.5141	0.3895	0.1246
22220	2024-06-21	SCOTTS CANADA LTD	DELHI,ON	MIRAMICHI,NB	975.0	800.0	175.0	1514.446	0.6438	0.5282	0.1156
22221	2024-06-24	SCOTTS DELHI	DELHI,ON	VARENNES,PQ	1450.0	1100.0	350.0	735.936	1.9703	1.4947	0.4756
22222	2024-06-27	EMBALLAGES AT	MIRABEL,PQ	AMOS,PQ	850.0	650.0	200.0	535.1762720094367	1.5883	1.2146	0.3737
22223	2024-06-28	CAPMATIC	BOUCHERVILLE,PQ	MONTREAL-NORD,PQ	275.0	160.0	115.0	18.765	14.6549	8.5265	6.1284
22224	2024-07-02	SCOTTS CANADA LTD	DELHI,ON	MIRAMICHI,NB	1750.0	1500.0	250.0	1514.446	1.1555	0.9905	0.1651
22225	2024-07-10	CAPMATIC			2475.0	1950.0	525.0				
22226	2024-07-08	DEXTER	LONGUEUIL,PQ	MONTMAGNY,PQ	925.0	700.0	225.0	330.1628075210577	2.8016	2.1202	0.6815
22227	2024-07-09	CAPMATIC	BOUCHERVILLE,PQ	MONTREAL-NORD,PQ	150.0	100.0	50.0	18.765	7.9936	5.3291	2.6645
22228	2024-07-11	CAPMATIC	LACHINE,PQ	MONTREAL-NORD,PQ	150.0	100.0	50.0	41.382	3.6248	2.4165	1.2083
22229	2024-07-12	SCOTTS CANADA LTD	LACHINE,PQ	DELHI,ON	675.0	500.0	175.0	738.0103549207273	0.9146	0.6775	0.2371
22230	2024-07-16	CAPMATIC			225.0	130.0	95.0				
22231	2024-07-16	CAPMATIC	BOUCHERVILLE,PQ	MONTREAL-NORD,PQ	275.0	160.0	115.0	18.765	14.6549	8.5265	6.1284
22232	2024-08-15	CAPMATIC			14939.09	14446.73	492.36				
22233	2024-07-16	ENGRAIS McINNES	STANSTEAD,PQ	GOWANSTOWN,PQ	1200.0	750.0	450.0	1020.9463989082464	1.1754	0.7346	0.4408
22234	2024-07-16	EMBALLAGES AT	MIRABEL,PQ	AMOS,PQ	750.0	550.0	200.0	535.1762720094367	1.4014	1.0277	0.3737
22235	2024-07-23	CAPMATIC			6000.0	4950.0	1050.0				
22236	2024-07-23	CAPMATIC			4750.0	4000.0	750.0				
22237	2024-07-17	DEXTER	LONGUEUIL,PQ	MONTMAGNY,PQ	1250.0	1000.0	250.0	330.1628075210577	3.786	3.0288	0.7572
22238	2024-07-18	CAPMATIC			2450.0	2000.0	450.0				
22239	2024-07-18	SCOTTS DELHI	DELHI,ON	L'ORIGNAL,ON	1750.0	1450.0	300.0	659.857	2.6521	2.1974	0.4546
22240	2024-07-18	SCOTTS DELHI	DELHI,ON	L'ORIGNAL,ON	1750.0	1450.0	300.0	659.857	2.6521	2.1974	0.4546
22241	2024-07-19	CAPMATIC	BOUCHERVILLE,PQ	MONTREAL-NORD,PQ	250.0	145.0	105.0	18.765	13.3227	7.7272	5.5955
22242	2024-07-25	CAPMATIC			2450.0	2000.0	450.0				
22243	2024-07-25	CAPMATIC			2450.0	2000.0	450.0				
22244	2024-07-26	CAPMATIC	BOUCHERVILLE,PQ	MONTREAL-NORD,PQ	150.0	115.0	35.0	18.765	7.9936	6.1284	1.8652
22245	2024-07-30	CAPMATIC			3400.0	2900.0	500.0				
22246	2024-07-31	CAPMATIC			4600.0	3800.0	800.0				
22247	2024-08-01	SCOTTS DELHI			1350.0	1100.0	250.0				
22248	2024-08-07	CAPMATIC	BOUCHERVILLE,PQ	MONTREAL-NORD,PQ	150.0	100.0	50.0	18.765	7.9936	5.3291	2.6645
22249	2024-08-08	CAPMATIC	BOUCHERVILLE,PQ	MONTREAL-NORD,PQ	150.0	115.0	35.0	18.765	7.9936	6.1284	1.8652
22250	2024-08-08	DEXTER			340.0	240.0	100.0				
22251	2024-08-12	SCOTTS DELHI			1350.0	1100.0	250.0				
22252	2024-08-13	SCOTTS DELHI			1350.0	1100.0	250.0				
22253	2024-08-14	SCOTTS DELHI			1350.0	1100.0	250.0				
22254	2024-08-09	DEXTER	LONGUEUIL,PQ	SAINT-ROBERT,PQ	250.0	175.0	75.0	74.42887524129485	3.3589	2.3512	1.0077
22255	2024-08-13	DEXTER			775.0	600.0	175.0				
22256	2024-08-13	DEXTER	LONGUEUIL,PQ	DRUMMONDVILLE,PQ	875.0	700.0	175.0	93.291	9.3793	7.5034	1.8759
22257	2024-08-14	CAPMATIC			150.0	115.0	35.0				
22258	2024-08-14	SCOTTS DELHI	DELHI,ON	L'ORIGNAL,ON	1300.0	1100.0	200.0	659.857	1.9701	1.667	0.3031
22259	2024-08-14	CAPMATIC	BOUCHERVILLE,PQ	MONTREAL-NORD,PQ	150.0	100.0	50.0	18.765	7.9936	5.3291	2.6645
22260	2024-08-14	EMBALLAGES AT	MIRABEL,PQ	SAINT-PAMPHILE,PQ	975.0	800.0	175.0	440.455	2.2136	1.8163	0.3973
22261	2024-08-16	CAPMATIC	ST-LAURENT,PQ	MONTREAL-NORD,PQ	150.0	115.0	35.0	16.2226435584249	9.2463	7.0889	2.1575
22263	2024-08-20	CAPMATIC	DORVAL,PQ	MONTREAL-NORD,PQ	150.0	100.0	50.0	43.72	3.4309	2.2873	1.1436
22264	2024-08-21	CAPMATIC	BOUCHERVILLE,PQ	MONTREAL-NORD,PQ	225.0	130.0	95.0	18.765	11.9904	6.9278	5.0626
22265	2024-08-21	EMBALLAGES AT	MIRABEL,PQ	AMOS,PQ	410.0	350.0	60.0	535.1762720094367	0.7661	0.654	0.1121
22266	2024-08-21	DEXTER	LONGUEUIL,PQ	MONTMAGNY,PQ	1050.0	750.0	300.0	330.1628075210577	3.1802	2.2716	0.9086
22267	2024-08-23	CAPMATIC	BOUCHERVILLE,PQ	MONTREAL-NORD,PQ	150.0	100.0	50.0	18.765	7.9936	5.3291	2.6645
22268	2024-08-28	ENGRAIS McINNES			1450.0	1000.0	450.0				
22269	2024-08-28	ENGRAIS McINNES			1450.0	1000.0	450.0				
22271	2024-08-30	CAPMATIC			3500.0	2800.0	700.0				
22272	2024-09-03	CAPMATIC	DORVAL,PQ	MONTREAL-NORD,PQ	150.0	115.0	35.0	43.72	3.4309	2.6304	0.8005
22273	2024-09-03	EMBALLAGES AT	MIRABEL,PQ	RIVIERE-HEVA,PQ	430.0	350.0	80.0	511.1775533699631	0.8412	0.6847	0.1565
22274	2024-09-03	DEXTER	LONGUEUIL,PQ	MONTMAGNY,PQ	850.0	650.0	200.0	330.1628075210577	2.5745	1.9687	0.6058
22275	2024-09-04	DEXTER	LONGUEUIL,PQ	COOKSTOWN,ON	1250.0	1000.0	250.0	632.16	1.9773	1.5819	0.3955
22276	2024-09-06	CAPMATIC	BOUCHERVILLE,PQ	MONTREAL-NORD,PQ	300.0	175.0	125.0	18.765	15.9872	9.3259	6.6613
22277	2024-09-09	EMBALLAGES AT			515.0	400.0	115.0				
22278	2024-09-05	DEXTER	LONGUEUIL,PQ	ST-ROMAIN,PQ	1100.0	900.0	200.0	220.9070504454267	4.9795	4.0741	0.9054
22279	2024-09-09	EMBALLAGES AT	MIRABEL,PQ	SACRÉ-COEUR,PQ	1050.0	850.0	200.0	518.1614638014704	2.0264	1.6404	0.386
22280	2024-09-06	SCOTTS CANADA LTD			1350.0	1000.0	350.0				
22281	2024-09-09	SCOTTS CANADA LTD			600.0	398.04	201.96				
22282	2024-09-10	DEXTER	LONGUEUIL,PQ	ST-VALÈRE,PQ	750.0	605.0	145.0	130.369	5.7529	4.6407	1.1122
22283	2024-09-11	DEXTER	LONGUEUIL,PQ	MONTMAGNY,PQ	700.0	450.0	250.0	330.1628075210577	2.1202	1.363	0.7572
22284	2024-09-12	CAPMATIC	BOUCHERVILLE,PQ	MONTREAL-NORD,PQ	300.0	175.0	125.0	18.765	15.9872	9.3259	6.6613
22285	2024-09-12	SCOTTS CANADA LTD			1150.0	950.0	200.0				
22286	2024-09-13	SCOTTS DELHI	DELHI,ON	L'ORIGNAL,ON	1300.0	1100.0	200.0	659.857	1.9701	1.667	0.3031
22287	2024-09-16	SCOTTS DELHI	DELHI,ON	L'ORIGNAL,ON	1300.0	1100.0	200.0	659.857	1.9701	1.667	0.3031
22288	2024-09-16	SCOTTS DELHI	DELHI,ON	L'ORIGNAL,ON	1750.0	1500.0	250.0	659.857	2.6521	2.2732	0.3789
22289	2024-09-16	EMBALLAGES AT			825.0	600.0	225.0				
22290	2024-09-16	CAPMATIC			300.0	175.0	125.0				
22291	2024-09-16	SCOTTS CANADA LTD			1150.0	950.0	200.0				
22292	2024-09-17	CAPMATIC	ST-LAURENT,PQ	MONTREAL-NORD,PQ	225.0	130.0	95.0	16.2226435584249	13.8695	8.0135	5.856
22293	2024-09-18	SCOTTS CANADA LTD			1150.0	1000.0	150.0				
22294	2024-09-18	CAPMATIC	BOUCHERVILLE,PQ	MONTREAL-NORD,PQ	150.0	100.0	50.0	18.765	7.9936	5.3291	2.6645
22295	2024-09-24	EMBALLAGES AT	MIRABEL,PQ	ST-ELZÉAR,PQ	875.0	700.0	175.0	31.51764311929166	27.7622	22.2098	5.5524
22296	2024-09-26	EMBALLAGES AT	ST-ELZÉAR,PQ	MIRABEL,PQ	1375.0	1125.0	250.0	38.847	35.3953	28.9598	6.4355
22297	2024-09-19	CAPMATIC	LACHINE,PQ	MONTREAL-NORD,PQ	150.0	100.0	50.0	41.382	3.6248	2.4165	1.2083
22298	2024-09-19	EMBALLAGES AT			655.0	500.0	155.0				
22299	2024-09-20	SCOTTS CANADA LTD			325.0	263.09	61.91				
22300	2024-09-26	CAPMATIC	BOUCHERVILLE,PQ	MONTREAL-NORD,PQ	250.0	145.0	105.0	18.765	13.3227	7.7272	5.5955
22303	2024-10-01	SCOTTS CANADA LTD			1500.0	1300.0	200.0				
22304	2024-10-01	CAPMATIC	BOUCHERVILLE,PQ	MONTREAL-NORD,PQ	150.0	115.0	35.0	18.765	7.9936	6.1284	1.8652
22305	2024-10-03	SCOTTS CANADA LTD			1200.0	1000.0	200.0				
22306	2024-10-02	EMBALLAGES AT			575.0	450.0	125.0				
22307	2024-10-07	SCOTTS CANADA LTD			1500.0	1300.0	200.0				
22308	2024-10-03	SCOTTS CANADA LTD	LACHINE,PQ	DELHI,ON	1250.0	900.0	350.0	738.0103549207273	1.6937	1.2195	0.4742
22309	2024-10-04	SCOTTS CANADA LTD	LACHINE,PQ	MIRAMICHI,NB	625.0	475.0	150.0	784.0790513034952	0.7971	0.6058	0.1913
22310	2024-10-07	SCOTTS CANADA LTD	LACHINE,PQ	L'ORIGNAL,ON	735.0	550.0	185.0	94.788	7.7541	5.8024	1.9517
22311	2024-10-08	SCOTTS CANADA LTD			1500.0	1100.0	400.0				
22312	2024-10-10	SCOTTS CANADA LTD			1300.0	1000.0	300.0				
22314	2024-10-09	SCOTTS CANADA LTD	LACHINE,PQ	L'ORIGNAL,ON	735.0	550.0	185.0	94.788	7.7541	5.8024	1.9517
22315	2024-10-11	SCOTTS CANADA LTD	LACHINE,PQ	L'ORIGNAL,ON	735.0	550.0	185.0	94.788	7.7541	5.8024	1.9517
22316	2024-10-08	SCOTTS CANADA LTD			1300.0	1000.0	300.0				
22317	2024-10-07	SCOTTS CANADA LTD			700.0	475.0	225.0				
22318	2024-10-07	SCOTTS DELHI	DELHI,ON	L'ORIGNAL,ON	1750.0	1450.0	300.0	659.857	2.6521	2.1974	0.4546
22319	2024-10-08	SCOTTS DELHI	L'ORIGNAL,ON	DELHI,ON	1750.0	1450.0	300.0	666.7768536639408	2.6246	2.1746	0.4499
22320	2024-10-08	SCOTTS DELHI	DELHI,ON	L'ORIGNAL,ON	1750.0	1450.0	300.0	659.857	2.6521	2.1974	0.4546
22321	2024-10-09	SCOTTS DELHI	L'ORIGNAL,ON	DELHI,ON	1750.0	1450.0	300.0	666.7768536639408	2.6246	2.1746	0.4499
22322	2024-10-08	CAPMATIC	BOUCHERVILLE,PQ	MONTREAL-NORD,PQ	150.0	100.0	50.0	18.765	7.9936	5.3291	2.6645
22323	2024-10-09	SCOTTS DELHI	DELHI,ON	L'ORIGNAL,ON	1750.0	1450.0	300.0	659.857	2.6521	2.1974	0.4546
22324	2024-10-10	SCOTTS DELHI	L'ORIGNAL,ON	DELHI,ON	1750.0	1450.0	300.0	666.7768536639408	2.6246	2.1746	0.4499
22325	2024-10-10	SCOTTS DELHI	DELHI,ON	L'ORIGNAL,ON	1750.0	1450.0	300.0	659.857	2.6521	2.1974	0.4546
22326	2024-10-11	SCOTTS DELHI	L'ORIGNAL,ON	DELHI,ON	1750.0	1450.0	300.0	666.7768536639408	2.6246	2.1746	0.4499
22327	2024-10-11	SCOTTS DELHI	DELHI,ON	L'ORIGNAL,ON	1750.0	1450.0	300.0	659.857	2.6521	2.1974	0.4546
22328	2024-10-07	SCOTTS CANADA LTD	LACHINE,PQ	DELHI,ON	950.0	700.0	250.0	738.0103549207273	1.2872	0.9485	0.3387
22329	2024-10-15	SCOTTS DELHI	L'ORIGNAL,ON	DELHI,ON	1750.0	1450.0	300.0	666.7768536639408	2.6246	2.1746	0.4499
22330	2024-10-15	SCOTTS DELHI	DELHI,ON	L'ORIGNAL,ON	1750.0	1450.0	300.0	659.857	2.6521	2.1974	0.4546
22331	2024-10-16	SCOTTS DELHI	L'ORIGNAL,ON	DELHI,ON	1750.0	1450.0	300.0	666.7768536639408	2.6246	2.1746	0.4499
22332	2024-10-16	SCOTTS DELHI	DELHI,ON	L'ORIGNAL,ON	1750.0	1450.0	300.0	659.857	2.6521	2.1974	0.4546
22333	2024-10-17	SCOTTS DELHI	L'ORIGNAL,ON	DELHI,ON	1750.0	1450.0	300.0	666.7768536639408	2.6246	2.1746	0.4499
22334	2024-10-09	CAPMATIC	POINTE-CLAIRE,PQ	MONTREAL-NORD,PQ	225.0	130.0	95.0	27.463796841271662	8.1926	4.7335	3.4591
22335	2024-10-10	SCOTTS CANADA LTD			1100.0	900.0	200.0				
22336	2024-10-17	SCOTTS DELHI	DELHI,ON	L'ORIGNAL,ON	1750.0	1450.0	300.0	659.857	2.6521	2.1974	0.4546
22337	2024-10-18	SCOTTS DELHI	L'ORIGNAL,ON	DELHI,ON	1750.0	1450.0	300.0	666.7768536639408	2.6246	2.1746	0.4499
22338	2024-10-28	CAPMATIC			3500.0	2700.0	800.0				
22339	2024-10-28	CAPMATIC			4025.0	3225.0	800.0				
22340	2024-10-29	CAPMATIC			4250.0	3435.0	815.0				
22342	2024-10-18	SCOTTS DELHI	DELHI,ON	L'ORIGNAL,ON	1750.0	1450.0	300.0	659.857	2.6521	2.1974	0.4546
22343	2024-10-21	SCOTTS DELHI	L'ORIGNAL,ON	DELHI,ON	1750.0	1450.0	300.0	666.7768536639408	2.6246	2.1746	0.4499
22344	2024-10-09	SCOTTS CANADA LTD			1500.0	1200.0	300.0				
22346	2024-10-16	SCOTTS CANADA LTD			1500.0	1100.0	400.0				
22347	2024-10-23	SCOTTS CANADA LTD			1300.0	1000.0	300.0				
22348	2024-10-21	SCOTTS CANADA LTD			1300.0	1000.0	300.0				
22349	2024-10-11	SCOTTS CANADA LTD			1650.0	1450.0	200.0				
22350	2024-10-11	SCOTTS CANADA LTD			475.0	388.99	86.01				
22351	2024-10-15	SCOTTS DELHI	DELHI,ON	L'ORIGNAL,ON	1750.0	1450.0	300.0	659.857	2.6521	2.1974	0.4546
22352	2024-10-15	SCOTTS DELHI	DELHI,ON	L'ORIGNAL,ON	1750.0	1450.0	300.0	659.857	2.6521	2.1974	0.4546
22353	2024-10-15	SCOTTS DELHI	DELHI,ON	L'ORIGNAL,ON	1750.0	1450.0	300.0	659.857	2.6521	2.1974	0.4546
22354	2024-10-15	SCOTTS DELHI	DELHI,ON	L'ORIGNAL,ON	1750.0	1450.0	300.0	659.857	2.6521	2.1974	0.4546
22355	2024-10-16	SCOTTS DELHI	L'ORIGNAL,ON	DELHI,ON	1750.0	1450.0	300.0	666.7768536639408	2.6246	2.1746	0.4499
22356	2024-10-16	SCOTTS DELHI	L'ORIGNAL,ON	DELHI,ON	1750.0	1450.0	300.0	666.7768536639408	2.6246	2.1746	0.4499
22357	2024-10-16	SCOTTS DELHI	L'ORIGNAL,ON	DELHI,ON	1750.0	1450.0	300.0	666.7768536639408	2.6246	2.1746	0.4499
22358	2024-10-16	SCOTTS DELHI	L'ORIGNAL,ON	DELHI,ON	1750.0	1450.0	300.0	666.7768536639408	2.6246	2.1746	0.4499
22359	2024-10-16	SCOTTS DELHI	DELHI,ON	L'ORIGNAL,ON	1750.0	1450.0	300.0	659.857	2.6521	2.1974	0.4546
22360	2024-10-16	SCOTTS DELHI	DELHI,ON	L'ORIGNAL,ON	1750.0	1450.0	300.0	659.857	2.6521	2.1974	0.4546
22361	2024-10-17	SCOTTS DELHI	L'ORIGNAL,ON	DELHI,ON	1750.0	1450.0	300.0	666.7768536639408	2.6246	2.1746	0.4499
22362	2024-10-17	SCOTTS DELHI	L'ORIGNAL,ON	DELHI,ON	1750.0	1450.0	300.0	666.7768536639408	2.6246	2.1746	0.4499
22363	2024-10-17	SCOTTS DELHI	DELHI,ON	L'ORIGNAL,ON	1750.0	1450.0	300.0	659.857	2.6521	2.1974	0.4546
22364	2024-10-17	SCOTTS DELHI	DELHI,ON	L'ORIGNAL,ON	1750.0	1450.0	300.0	659.857	2.6521	2.1974	0.4546
22365	2024-10-17	SCOTTS DELHI	DELHI,ON	L'ORIGNAL,ON	1750.0	1450.0	300.0	659.857	2.6521	2.1974	0.4546
22366	2024-10-17	SCOTTS DELHI	DELHI,ON	L'ORIGNAL,ON	1750.0	1450.0	300.0	659.857	2.6521	2.1974	0.4546
22367	2024-10-18	SCOTTS DELHI	L'ORIGNAL,ON	DELHI,ON	1750.0	1450.0	300.0	666.7768536639408	2.6246	2.1746	0.4499
22368	2024-10-18	SCOTTS DELHI	L'ORIGNAL,ON	DELHI,ON	1750.0	1450.0	300.0	666.7768536639408	2.6246	2.1746	0.4499
22369	2024-10-18	SCOTTS DELHI	L'ORIGNAL,ON	DELHI,ON	1750.0	1450.0	300.0	666.7768536639408	2.6246	2.1746	0.4499
22370	2024-10-18	SCOTTS DELHI	L'ORIGNAL,ON	DELHI,ON	1750.0	1450.0	300.0	666.7768536639408	2.6246	2.1746	0.4499
22371	2024-10-18	SCOTTS DELHI	DELHI,ON	L'ORIGNAL,ON	1750.0	1450.0	300.0	659.857	2.6521	2.1974	0.4546
22372	2024-10-18	SCOTTS DELHI	DELHI,ON	L'ORIGNAL,ON	1750.0	1450.0	300.0	659.857	2.6521	2.1974	0.4546
22373	2024-10-18	SCOTTS DELHI	DELHI,ON	L'ORIGNAL,ON	1750.0	1450.0	300.0	659.857	2.6521	2.1974	0.4546
22374	2024-10-18	SCOTTS DELHI	DELHI,ON	L'ORIGNAL,ON	1750.0	1450.0	300.0	659.857	2.6521	2.1974	0.4546
22375	2024-10-21	SCOTTS DELHI	L'ORIGNAL,ON	DELHI,ON	1750.0	1450.0	300.0	666.7768536639408	2.6246	2.1746	0.4499
22376	2024-10-21	SCOTTS DELHI	L'ORIGNAL,ON	DELHI,ON	1750.0	1450.0	300.0	666.7768536639408	2.6246	2.1746	0.4499
22377	2024-10-21	SCOTTS DELHI	L'ORIGNAL,ON	DELHI,ON	1750.0	1450.0	300.0	666.7768536639408	2.6246	2.1746	0.4499
22378	2024-10-21	SCOTTS DELHI	L'ORIGNAL,ON	DELHI,ON	1750.0	1450.0	300.0	666.7768536639408	2.6246	2.1746	0.4499
22379	2024-10-15	SCOTTS CANADA LTD			1050.0	850.0	200.0				
22380	2024-10-15	SCOTTS CANADA LTD			975.0	750.0	225.0				
22381	2024-10-17	SCOTTS DELHI	DELHI,ON	ST-MARGARETS,NB	1225.0	1025.0	200.0	1538.177	0.7964	0.6664	0.13
22382	2024-10-16	SCOTTS CANADA LTD			1200.0	1000.0	200.0				
22384	2024-10-21	SCOTTS DELHI	DELHI,ON	L'ORIGNAL,ON	1750.0	1450.0	300.0	659.857	2.6521	2.1974	0.4546
22385	2024-10-21	SCOTTS DELHI	DELHI,ON	L'ORIGNAL,ON	1750.0	1450.0	300.0	659.857	2.6521	2.1974	0.4546
22386	2024-10-21	SCOTTS DELHI	DELHI,ON	L'ORIGNAL,ON	1750.0	1450.0	300.0	659.857	2.6521	2.1974	0.4546
22387	2024-10-21	SCOTTS DELHI	DELHI,ON	L'ORIGNAL,ON	1750.0	1450.0	300.0	659.857	2.6521	2.1974	0.4546
22388	2024-10-21	SCOTTS DELHI	DELHI,ON	L'ORIGNAL,ON	1750.0	1450.0	300.0	659.857	2.6521	2.1974	0.4546
22389	2024-10-22	SCOTTS DELHI	L'ORIGNAL,ON	DELHI,ON	1750.0	1450.0	300.0	666.7768536639408	2.6246	2.1746	0.4499
22390	2024-10-22	SCOTTS DELHI	L'ORIGNAL,ON	DELHI,ON	1750.0	1450.0	300.0	666.7768536639408	2.6246	2.1746	0.4499
22391	2024-10-22	SCOTTS DELHI	L'ORIGNAL,ON	DELHI,ON	1750.0	1450.0	300.0	666.7768536639408	2.6246	2.1746	0.4499
22392	2024-10-22	SCOTTS DELHI	L'ORIGNAL,ON	DELHI,ON	1750.0	1450.0	300.0	666.7768536639408	2.6246	2.1746	0.4499
22393	2024-10-22	SCOTTS DELHI	L'ORIGNAL,ON	DELHI,ON	1750.0	1450.0	300.0	666.7768536639408	2.6246	2.1746	0.4499
22394	2024-10-22	SCOTTS DELHI	DELHI,ON	L'ORIGNAL,ON	1750.0	1450.0	300.0	659.857	2.6521	2.1974	0.4546
22395	2024-10-22	SCOTTS DELHI	DELHI,ON	L'ORIGNAL,ON	1750.0	1450.0	300.0	659.857	2.6521	2.1974	0.4546
22396	2024-10-22	SCOTTS DELHI	DELHI,ON	L'ORIGNAL,ON	1750.0	1450.0	300.0	659.857	2.6521	2.1974	0.4546
22397	2024-10-22	SCOTTS DELHI	DELHI,ON	L'ORIGNAL,ON	1750.0	1450.0	300.0	659.857	2.6521	2.1974	0.4546
22398	2024-10-22	SCOTTS DELHI	DELHI,ON	L'ORIGNAL,ON	1750.0	1450.0	300.0	659.857	2.6521	2.1974	0.4546
22399	2024-10-23	SCOTTS DELHI	L'ORIGNAL,ON	DELHI,ON	1750.0	1450.0	300.0	666.7768536639408	2.6246	2.1746	0.4499
22400	2024-10-23	SCOTTS DELHI	L'ORIGNAL,ON	DELHI,ON	1750.0	1450.0	300.0	666.7768536639408	2.6246	2.1746	0.4499
22401	2024-10-23	SCOTTS DELHI	L'ORIGNAL,ON	DELHI,ON	1750.0	1450.0	300.0	666.7768536639408	2.6246	2.1746	0.4499
22402	2024-10-23	SCOTTS DELHI	L'ORIGNAL,ON	DELHI,ON	1750.0	1450.0	300.0	666.7768536639408	2.6246	2.1746	0.4499
22403	2024-10-23	SCOTTS DELHI	L'ORIGNAL,ON	DELHI,ON	1750.0	1450.0	300.0	666.7768536639408	2.6246	2.1746	0.4499
22404	2024-10-23	SCOTTS DELHI	DELHI,ON	L'ORIGNAL,ON	1750.0	1450.0	300.0	659.857	2.6521	2.1974	0.4546
22405	2024-10-23	SCOTTS DELHI	DELHI,ON	L'ORIGNAL,ON	1750.0	1450.0	300.0	659.857	2.6521	2.1974	0.4546
22406	2024-10-23	SCOTTS DELHI	DELHI,ON	L'ORIGNAL,ON	1750.0	1450.0	300.0	659.857	2.6521	2.1974	0.4546
22407	2024-10-23	SCOTTS DELHI	DELHI,ON	L'ORIGNAL,ON	1750.0	1450.0	300.0	659.857	2.6521	2.1974	0.4546
22408	2024-10-23	SCOTTS DELHI	DELHI,ON	L'ORIGNAL,ON	1750.0	1450.0	300.0	659.857	2.6521	2.1974	0.4546
22409	2024-10-24	SCOTTS DELHI	L'ORIGNAL,ON	DELHI,ON	1750.0	1450.0	300.0	666.7768536639408	2.6246	2.1746	0.4499
22410	2024-10-24	SCOTTS DELHI	L'ORIGNAL,ON	DELHI,ON	1750.0	1450.0	300.0	666.7768536639408	2.6246	2.1746	0.4499
22411	2024-10-24	SCOTTS DELHI	L'ORIGNAL,ON	DELHI,ON	1750.0	1450.0	300.0	666.7768536639408	2.6246	2.1746	0.4499
22412	2024-10-24	SCOTTS DELHI	L'ORIGNAL,ON	DELHI,ON	1750.0	1450.0	300.0	666.7768536639408	2.6246	2.1746	0.4499
22413	2024-10-24	SCOTTS DELHI	L'ORIGNAL,ON	DELHI,ON	1750.0	1450.0	300.0	666.7768536639408	2.6246	2.1746	0.4499
22414	2024-10-24	SCOTTS DELHI	DELHI,ON	L'ORIGNAL,ON	1750.0	1450.0	300.0	659.857	2.6521	2.1974	0.4546
22415	2024-10-24	SCOTTS DELHI	DELHI,ON	L'ORIGNAL,ON	1750.0	1450.0	300.0	659.857	2.6521	2.1974	0.4546
22416	2024-10-24	SCOTTS DELHI	DELHI,ON	L'ORIGNAL,ON	1750.0	1450.0	300.0	659.857	2.6521	2.1974	0.4546
22417	2024-10-24	SCOTTS DELHI	DELHI,ON	L'ORIGNAL,ON	1750.0	1450.0	300.0	659.857	2.6521	2.1974	0.4546
22418	2024-10-24	SCOTTS DELHI	DELHI,ON	L'ORIGNAL,ON	1750.0	1450.0	300.0	659.857	2.6521	2.1974	0.4546
22419	2024-10-25	SCOTTS DELHI	L'ORIGNAL,ON	DELHI,ON	1750.0	1450.0	300.0	666.7768536639408	2.6246	2.1746	0.4499
22420	2024-10-25	SCOTTS DELHI	L'ORIGNAL,ON	DELHI,ON	1750.0	1450.0	300.0	666.7768536639408	2.6246	2.1746	0.4499
22421	2024-10-25	SCOTTS DELHI	L'ORIGNAL,ON	DELHI,ON	1750.0	1450.0	300.0	666.7768536639408	2.6246	2.1746	0.4499
22424	2024-10-17	EMBALLAGES AT			655.0	500.0	155.0				
22425	2024-10-25	SCOTTS DELHI	DELHI,ON	L'ORIGNAL,ON	1750.0	1450.0	300.0	659.857	2.6521	2.1974	0.4546
22426	2024-10-25	SCOTTS DELHI	DELHI,ON	L'ORIGNAL,ON	1750.0	1450.0	300.0	659.857	2.6521	2.1974	0.4546
22427	2024-10-25	SCOTTS DELHI	DELHI,ON	L'ORIGNAL,ON	1750.0	1450.0	300.0	659.857	2.6521	2.1974	0.4546
22428	2024-10-25	SCOTTS DELHI	DELHI,ON	L'ORIGNAL,ON	1750.0	1450.0	300.0	659.857	2.6521	2.1974	0.4546
22429	2024-10-25	SCOTTS DELHI	DELHI,ON	L'ORIGNAL,ON	1750.0	1450.0	300.0	659.857	2.6521	2.1974	0.4546
22430	2024-10-17	CAPMATIC	BOUCHERVILLE,PQ	MONTREAL-NORD,PQ	225.0	130.0	95.0	18.765	11.9904	6.9278	5.0626
22431	2024-10-17	CAPMATIC			495.0	325.0	170.0				
22437	2024-10-24	SCOTTS CANADA LTD			1300.0	1000.0	300.0				
22438	2024-10-25	SCOTTS CANADA LTD			1300.0	1050.0	250.0				
22439	2024-10-21	CAPMATIC			2625.0	1865.0	760.0				
22440	2024-10-21	CAPMATIC			2475.0	1700.0	775.0				
22441	2024-10-22	CAPMATIC	LACHINE,PQ	MONTREAL-NORD,PQ	150.0	100.0	50.0	41.382	3.6248	2.4165	1.2083
22442	2024-10-21	SCOTTS CANADA LTD			1050.0	850.0	200.0				
22443	2024-10-21	CAPMATIC	BOUCHERVILLE,PQ	MONTREAL-NORD,PQ	225.0	130.0	95.0	18.765	11.9904	6.9278	5.0626
22444	2024-10-28	SCOTTS DELHI	DELHI,ON	L'ORIGNAL,ON	1750.0	1450.0	300.0	659.857	2.6521	2.1974	0.4546
22445	2024-10-28	SCOTTS DELHI	DELHI,ON	L'ORIGNAL,ON	1750.0	1450.0	300.0	659.857	2.6521	2.1974	0.4546
22446	2024-10-28	SCOTTS DELHI	DELHI,ON	L'ORIGNAL,ON	1750.0	1450.0	300.0	659.857	2.6521	2.1974	0.4546
22447	2024-10-28	SCOTTS DELHI	DELHI,ON	L'ORIGNAL,ON	1750.0	1450.0	300.0	659.857	2.6521	2.1974	0.4546
22448	2024-10-28	SCOTTS DELHI	DELHI,ON	L'ORIGNAL,ON	1750.0	1450.0	300.0	659.857	2.6521	2.1974	0.4546
22449	2024-10-29	SCOTTS DELHI	DELHI,ON	L'ORIGNAL,ON	1750.0	1450.0	300.0	659.857	2.6521	2.1974	0.4546
22450	2024-10-29	SCOTTS DELHI	DELHI,ON	L'ORIGNAL,ON	1750.0	1450.0	300.0	659.857	2.6521	2.1974	0.4546
22451	2024-10-29	SCOTTS DELHI	DELHI,ON	L'ORIGNAL,ON	1750.0	1450.0	300.0	659.857	2.6521	2.1974	0.4546
22452	2024-10-29	SCOTTS DELHI	DELHI,ON	L'ORIGNAL,ON	1750.0	1450.0	300.0	659.857	2.6521	2.1974	0.4546
22453	2024-10-29	SCOTTS DELHI	DELHI,ON	L'ORIGNAL,ON	1750.0	1450.0	300.0	659.857	2.6521	2.1974	0.4546
22464	2024-10-21	EMBALLAGES AT	MIRABEL,PQ	MATTAWA,ON	385.0	330.0	55.0	440.11957926613525	0.8748	0.7498	0.125
22465	2024-10-30	SCOTTS DELHI	DELHI,ON	L'ORIGNAL,ON	1750.0	1450.0	300.0	659.857	2.6521	2.1974	0.4546
22466	2024-10-30	SCOTTS DELHI	DELHI,ON	L'ORIGNAL,ON	1750.0	1450.0	300.0	659.857	2.6521	2.1974	0.4546
22467	2024-10-30	SCOTTS DELHI	DELHI,ON	L'ORIGNAL,ON	1750.0	1450.0	300.0	659.857	2.6521	2.1974	0.4546
22468	2024-10-30	SCOTTS DELHI	DELHI,ON	L'ORIGNAL,ON	1750.0	1450.0	300.0	659.857	2.6521	2.1974	0.4546
22469	2024-10-30	SCOTTS DELHI	DELHI,ON	L'ORIGNAL,ON	1750.0	1450.0	300.0	659.857	2.6521	2.1974	0.4546
22475	2024-11-07	CAPMATIC	CHICAGO,IL	MONTREAL-NORD,PQ	4560.0	3700.0	860.0	1439.1539050011927	3.1685	2.571	0.5976
22476	2024-11-07	CAPMATIC	CHICAGO,IL	MONTREAL-NORD,PQ	4760.0	3700.0	1060.0	1439.1539050011927	3.3075	2.571	0.7365
22477	2024-11-07	CAPMATIC	CHICAGO,IL	MONTREAL-NORD,PQ	5080.0	3700.0	1380.0	1439.1539050011927	3.5299	2.571	0.9589
22479	2024-11-01	SCOTTS DELHI	DELHI,ON	L'ORIGNAL,ON	1750.0	1450.0	300.0	659.857	2.6521	2.1974	0.4546
22480	2024-10-31	SCOTTS DELHI	DELHI,ON	L'ORIGNAL,ON	1750.0	1450.0	300.0	659.857	2.6521	2.1974	0.4546
22481	2024-10-31	SCOTTS DELHI	DELHI,ON	L'ORIGNAL,ON	1750.0	1450.0	300.0	659.857	2.6521	2.1974	0.4546
22482	2024-10-31	SCOTTS DELHI	DELHI,ON	L'ORIGNAL,ON	1750.0	1450.0	300.0	659.857	2.6521	2.1974	0.4546
22483	2024-10-31	SCOTTS DELHI	DELHI,ON	L'ORIGNAL,ON	1750.0	1450.0	300.0	659.857	2.6521	2.1974	0.4546
22484	2024-10-23	SCOTTS CANADA LTD			1050.0	850.0	200.0				
22490	2024-10-29	SCOTTS CANADA LTD			1500.0	1100.0	400.0				
22491	2024-11-04	SCOTTS CANADA LTD			1300.0	1050.0	250.0				
22492	2024-11-01	SCOTTS DELHI	DELHI,ON	L'ORIGNAL,ON	1750.0	1450.0	300.0	659.857	2.6521	2.1974	0.4546
22493	2024-11-01	SCOTTS DELHI	DELHI,ON	L'ORIGNAL,ON	1750.0	1450.0	300.0	659.857	2.6521	2.1974	0.4546
22494	2024-11-01	SCOTTS DELHI	DELHI,ON	L'ORIGNAL,ON	1750.0	1450.0	300.0	659.857	2.6521	2.1974	0.4546
22495	2024-11-01	SCOTTS DELHI	DELHI,ON	L'ORIGNAL,ON	1750.0	1450.0	300.0	659.857	2.6521	2.1974	0.4546
22496	2024-11-01	SCOTTS DELHI	DELHI,ON	L'ORIGNAL,ON	1750.0	1450.0	300.0	659.857	2.6521	2.1974	0.4546
22497	2024-10-28	CAPMATIC	BOUCHERVILLE,PQ	MONTREAL-NORD,PQ	240.0	145.0	95.0	18.765	12.7898	7.7272	5.0626
22498	2024-10-25	EMBALLAGES AT	MIRABEL,PQ	SAINT-PAMPHILE,PQ	1100.0	1000.0	100.0	440.455	2.4974	2.2704	0.227
22499	2024-10-28	EMBALLAGES AT			1400.0	1200.0	200.0				
22500	2024-10-25	SCOTTS CANADA LTD			1350.0	1000.0	350.0				
22501	2024-11-04	SCOTTS DELHI	DELHI,ON	L'ORIGNAL,ON	1750.0	1450.0	300.0	659.857	2.6521	2.1974	0.4546
22502	2024-11-04	SCOTTS DELHI	DELHI,ON	L'ORIGNAL,ON	1750.0	1450.0	300.0	659.857	2.6521	2.1974	0.4546
22503	2024-11-04	SCOTTS DELHI	DELHI,ON	L'ORIGNAL,ON	1750.0	1450.0	300.0	659.857	2.6521	2.1974	0.4546
22504	2024-11-04	SCOTTS DELHI	DELHI,ON	L'ORIGNAL,ON	1750.0	1450.0	300.0	659.857	2.6521	2.1974	0.4546
22505	2024-11-06	SCOTTS DELHI	DELHI,ON	L'ORIGNAL,ON	1750.0	1450.0	300.0	659.857	2.6521	2.1974	0.4546
22506	2024-11-05	SCOTTS DELHI	DELHI,ON	L'ORIGNAL,ON	1750.0	1450.0	300.0	659.857	2.6521	2.1974	0.4546
22507	2024-11-05	SCOTTS DELHI	DELHI,ON	L'ORIGNAL,ON	1750.0	1450.0	300.0	659.857	2.6521	2.1974	0.4546
22508	2024-11-05	SCOTTS DELHI	DELHI,ON	L'ORIGNAL,ON	1750.0	1450.0	300.0	659.857	2.6521	2.1974	0.4546
22509	2024-11-05	SCOTTS DELHI	DELHI,ON	L'ORIGNAL,ON	1750.0	1450.0	300.0	659.857	2.6521	2.1974	0.4546
22510	2024-11-05	SCOTTS DELHI	DELHI,ON	L'ORIGNAL,ON	1750.0	1400.0	350.0	659.857	2.6521	2.1217	0.5304
22511	2024-11-06	SCOTTS DELHI	DELHI,ON	L'ORIGNAL,ON	1750.0	1450.0	300.0	659.857	2.6521	2.1974	0.4546
22512	2024-11-06	SCOTTS DELHI	DELHI,ON	L'ORIGNAL,ON	1750.0	1450.0	300.0	659.857	2.6521	2.1974	0.4546
22513	2024-11-06	SCOTTS DELHI	DELHI,ON	L'ORIGNAL,ON	1750.0	1450.0	300.0	659.857	2.6521	2.1974	0.4546
22514	2024-11-06	SCOTTS DELHI	DELHI,ON	L'ORIGNAL,ON	1750.0	1450.0	300.0	659.857	2.6521	2.1974	0.4546
22515	2024-11-06	SCOTTS DELHI	DELHI,ON	L'ORIGNAL,ON	1750.0	1400.0	350.0	659.857	2.6521	2.1217	0.5304
22516	2024-10-30	SCOTTS CANADA LTD			700.0	475.0	225.0				
22517	2024-10-30	EMBALLAGES AT	MIRABEL,PQ	AMOS,PQ	850.0	650.0	200.0	535.1762720094367	1.5883	1.2146	0.3737
22520	2024-10-30	SCOTTS CANADA LTD			1200.0	1000.0	200.0				
22521	2024-11-07	SCOTTS DELHI	DELHI,ON	L'ORIGNAL,ON	1750.0	1450.0	300.0	659.857	2.6521	2.1974	0.4546
22522	2024-11-07	SCOTTS DELHI	DELHI,ON	L'ORIGNAL,ON	1750.0	1450.0	300.0	659.857	2.6521	2.1974	0.4546
22523	2024-11-07	SCOTTS DELHI	DELHI,ON	L'ORIGNAL,ON	1750.0	1450.0	300.0	659.857	2.6521	2.1974	0.4546
22524	2024-11-07	SCOTTS DELHI	DELHI,ON	L'ORIGNAL,ON	1750.0	1450.0	300.0	659.857	2.6521	2.1974	0.4546
22525	2024-11-08	SCOTTS DELHI	DELHI,ON	L'ORIGNAL,ON	1750.0	1450.0	300.0	659.857	2.6521	2.1974	0.4546
22526	2024-11-08	SCOTTS DELHI	DELHI,ON	L'ORIGNAL,ON	1750.0	1450.0	300.0	659.857	2.6521	2.1974	0.4546
22527	2024-11-08	SCOTTS DELHI	DELHI,ON	L'ORIGNAL,ON	1750.0	1450.0	300.0	659.857	2.6521	2.1974	0.4546
22528	2024-11-08	SCOTTS DELHI	DELHI,ON	L'ORIGNAL,ON	1750.0	1450.0	300.0	659.857	2.6521	2.1974	0.4546
22529	2024-11-08	SCOTTS DELHI	DELHI,ON	L'ORIGNAL,ON	1750.0	1450.0	300.0	659.857	2.6521	2.1974	0.4546
22530	2024-11-08	SCOTTS DELHI	DELHI,ON	L'ORIGNAL,ON	1750.0	1450.0	300.0	659.857	2.6521	2.1974	0.4546
22531	2024-11-06	SCOTTS CANADA LTD			1300.0	1050.0	250.0				
22532	2024-11-06	SCOTTS CANADA LTD			1300.0	1050.0	250.0				
22533	2024-11-05	SCOTTS CANADA LTD			1300.0	1050.0	250.0				
22534	2024-10-31	SCOTTS CANADA LTD			1200.0	950.0	250.0				
22535	2024-11-05	SCOTTS CANADA LTD			1200.0	950.0	250.0				
22536	2024-11-04	CAPMATIC	ST-LAURENT,PQ	MONTREAL-NORD,PQ	150.0	100.0	50.0	16.2226435584249	9.2463	6.1642	3.0821
22537	2024-11-07	SCOTTS QUALI-GRO	MIRAMICHI,NB	L'ORIGNAL,ON	1450.0	1200.0	250.0	925.469	1.5668	1.2966	0.2701
22538	2024-11-06	SCOTTS CANADA LTD			1275.0	1025.0	250.0				
22539	2024-11-07	SCOTTS DELHI	DELHI,ON	MIRAMICHI,NB	3350.0	3000.0	350.0	1514.446	2.212	1.9809	0.2311
22540	2024-11-15	SCOTTS CANADA LTD			1300.0	1000.0	300.0				
22542	2024-11-08	CAPMATIC			150.0	100.0	50.0				
22543	2024-11-11	SCOTTS DELHI	DELHI,ON	L'ORIGNAL,ON	1750.0	1450.0	300.0	659.857	2.6521	2.1974	0.4546
22544	2024-11-11	SCOTTS DELHI	DELHI,ON	L'ORIGNAL,ON	1750.0	1450.0	300.0	659.857	2.6521	2.1974	0.4546
22545	2024-11-11	SCOTTS DELHI	DELHI,ON	L'ORIGNAL,ON	1750.0	1400.0	350.0	659.857	2.6521	2.1217	0.5304
22546	2024-11-11	SCOTTS DELHI	DELHI,ON	L'ORIGNAL,ON	1750.0	1450.0	300.0	659.857	2.6521	2.1974	0.4546
22547	2024-11-11	SCOTTS DELHI	DELHI,ON	L'ORIGNAL,ON	1750.0	1450.0	300.0	659.857	2.6521	2.1974	0.4546
22548	2024-11-08	SCOTTS CANADA LTD	LACHINE,PQ	DELHI,ON	750.0	550.0	200.0	738.0103549207273	1.0162	0.7452	0.271
22549	2024-11-11	SCOTTS CANADA LTD	LACHINE,PQ	MIRAMICHI,NB	625.0	450.0	175.0	784.0790513034952	0.7971	0.5739	0.2232
22550	2024-11-12	SCOTTS DELHI	DELHI,ON	L'ORIGNAL,ON	1750.0	1450.0	300.0	659.857	2.6521	2.1974	0.4546
22551	2024-11-12	SCOTTS DELHI	DELHI,ON	L'ORIGNAL,ON	1750.0	1450.0	300.0	659.857	2.6521	2.1974	0.4546
22553	2024-11-12	CAPMATIC			300.0	225.0	75.0				
22554	2024-11-14	CAPMATIC	MONTREAL,PQ	MONTREAL-NORD,PQ	450.0	350.0	100.0	5.917344369934924	76.0476	59.1482	16.8995
22555	2024-11-13	SCOTTS DELHI	DELHI,ON	L'ORIGNAL,ON	1750.0	1400.0	350.0	659.857	2.6521	2.1217	0.5304
22556	2024-11-12	SCOTTS DELHI	DELHI,ON	L'ORIGNAL,ON	1750.0	1450.0	300.0	659.857	2.6521	2.1974	0.4546
22557	2024-11-12	SCOTTS DELHI	DELHI,ON	L'ORIGNAL,ON	1750.0	1450.0	300.0	659.857	2.6521	2.1974	0.4546
22558	2024-11-14	EMBALLAGES AT	MIRABEL,PQ	ST-OMER,PQ	875.0	650.0	225.0	780.8683841999772	1.1205	0.8324	0.2881
22559	2024-11-13	SCOTTS DELHI	DELHI,ON	L'ORIGNAL,ON	1750.0	1450.0	300.0	659.857	2.6521	2.1974	0.4546
22560	2024-11-13	SCOTTS DELHI	DELHI,ON	L'ORIGNAL,ON	1750.0	1450.0	300.0	659.857	2.6521	2.1974	0.4546
22561	2024-11-13	SCOTTS DELHI	DELHI,ON	L'ORIGNAL,ON	1750.0	1450.0	300.0	659.857	2.6521	2.1974	0.4546
22562	2024-11-13	SCOTTS DELHI	DELHI,ON	L'ORIGNAL,ON	1750.0	1450.0	300.0	659.857	2.6521	2.1974	0.4546
22563	2024-11-13	SCOTTS DELHI	DELHI,ON	L'ORIGNAL,ON	1750.0	1450.0	300.0	659.857	2.6521	2.1974	0.4546
22564	2024-11-14	SCOTTS DELHI	DELHI,ON	L'ORIGNAL,ON	1750.0	1450.0	300.0	659.857	2.6521	2.1974	0.4546
22565	2024-11-14	SCOTTS DELHI	DELHI,ON	L'ORIGNAL,ON	1750.0	1450.0	300.0	659.857	2.6521	2.1974	0.4546
22566	2024-11-14	SCOTTS DELHI	DELHI,ON	L'ORIGNAL,ON	1750.0	1450.0	300.0	659.857	2.6521	2.1974	0.4546
22567	2024-11-14	SCOTTS DELHI	DELHI,ON	L'ORIGNAL,ON	1750.0	1450.0	300.0	659.857	2.6521	2.1974	0.4546
22568	2024-11-14	SCOTTS DELHI	DELHI,ON	L'ORIGNAL,ON	1750.0	1450.0	300.0	659.857	2.6521	2.1974	0.4546
22569	2024-11-15	SCOTTS DELHI	DELHI,ON	L'ORIGNAL,ON	1750.0	1400.0	350.0	659.857	2.6521	2.1217	0.5304
22570	2024-11-15	SCOTTS DELHI	DELHI,ON	L'ORIGNAL,ON	1750.0	1450.0	300.0	659.857	2.6521	2.1974	0.4546
22571	2024-11-15	SCOTTS DELHI	DELHI,ON	L'ORIGNAL,ON	1750.0	1450.0	300.0	659.857	2.6521	2.1974	0.4546
22572	2024-11-15	SCOTTS DELHI	DELHI,ON	L'ORIGNAL,ON	1750.0	1450.0	300.0	659.857	2.6521	2.1974	0.4546
22573	2024-11-15	SCOTTS DELHI	DELHI,ON	L'ORIGNAL,ON	1750.0	1450.0	300.0	659.857	2.6521	2.1974	0.4546
22574	2024-11-11	CAPMATIC	ST-LAURENT,PQ	MONTREAL-NORD,PQ	150.0	100.0	50.0	16.2226435584249	9.2463	6.1642	3.0821
22575	2024-11-12	SCOTTS DELHI	CONCORD,ON	DORVAL,PQ	985.0	775.0	210.0	586.0053921984259	1.6809	1.3225	0.3584
22576	2024-11-12	EMBALLAGES AT	HELENA,AL	MIRABEL,PQ	750.0	650.0	100.0	2106.4688631183944	0.356	0.3086	0.0475
22577	2024-11-14	SCOTTS DELHI			1350.0	1050.0	300.0				
22578	2024-11-14	SCOTTS CANADA LTD			1200.0	1000.0	200.0				
22579	2024-11-18	SCOTTS DELHI	DELHI,ON	L'ORIGNAL,ON	1750.0	1450.0	300.0	659.857	2.6521	2.1974	0.4546
22580	2024-11-18	SCOTTS DELHI	DELHI,ON	L'ORIGNAL,ON	1750.0	1450.0	300.0	659.857	2.6521	2.1974	0.4546
22581	2024-11-18	SCOTTS DELHI	DELHI,ON	L'ORIGNAL,ON	1750.0	1450.0	300.0	659.857	2.6521	2.1974	0.4546
22582	2024-11-18	SCOTTS DELHI	DELHI,ON	L'ORIGNAL,ON	1750.0	1450.0	300.0	659.857	2.6521	2.1974	0.4546
22583	2024-11-18	SCOTTS DELHI	DELHI,ON	L'ORIGNAL,ON	1750.0	1450.0	300.0	659.857	2.6521	2.1974	0.4546
22584	2024-11-19	SCOTTS DELHI	DELHI,ON	L'ORIGNAL,ON	1750.0	1450.0	300.0	659.857	2.6521	2.1974	0.4546
22585	2024-11-19	SCOTTS DELHI	DELHI,ON	L'ORIGNAL,ON	1750.0	1450.0	300.0	659.857	2.6521	2.1974	0.4546
22586	2024-11-19	SCOTTS DELHI	DELHI,ON	L'ORIGNAL,ON	1750.0	1450.0	300.0	659.857	2.6521	2.1974	0.4546
22587	2024-11-19	SCOTTS DELHI	DELHI,ON	L'ORIGNAL,ON	1750.0	1450.0	300.0	659.857	2.6521	2.1974	0.4546
22588	2024-11-19	SCOTTS DELHI	DELHI,ON	L'ORIGNAL,ON	1750.0	1450.0	300.0	659.857	2.6521	2.1974	0.4546
22589	2024-11-20	SCOTTS DELHI	DELHI,ON	L'ORIGNAL,ON	1750.0	1450.0	300.0	659.857	2.6521	2.1974	0.4546
22590	2024-11-20	SCOTTS DELHI	DELHI,ON	L'ORIGNAL,ON	1750.0	1400.0	350.0	659.857	2.6521	2.1217	0.5304
22591	2024-11-20	SCOTTS DELHI	DELHI,ON	L'ORIGNAL,ON	1750.0	1450.0	300.0	659.857	2.6521	2.1974	0.4546
22592	2024-11-20	SCOTTS DELHI	DELHI,ON	L'ORIGNAL,ON	1750.0	1450.0	300.0	659.857	2.6521	2.1974	0.4546
22593	2024-11-20	SCOTTS DELHI	DELHI,ON	L'ORIGNAL,ON	1750.0	1450.0	300.0	659.857	2.6521	2.1974	0.4546
22594	2024-11-21	SCOTTS DELHI	DELHI,ON	L'ORIGNAL,ON	1750.0	1450.0	300.0	659.857	2.6521	2.1974	0.4546
22595	2024-11-21	SCOTTS DELHI	DELHI,ON	L'ORIGNAL,ON	1750.0	1450.0	300.0	659.857	2.6521	2.1974	0.4546
22596	2024-11-21	SCOTTS DELHI	DELHI,ON	L'ORIGNAL,ON	1750.0	1450.0	300.0	659.857	2.6521	2.1974	0.4546
22597	2024-11-21	SCOTTS DELHI	DELHI,ON	L'ORIGNAL,ON	1750.0	1450.0	300.0	659.857	2.6521	2.1974	0.4546
22598	2024-11-21	SCOTTS DELHI	DELHI,ON	L'ORIGNAL,ON	1750.0	1450.0	300.0	659.857	2.6521	2.1974	0.4546
22599	2024-11-13	SCOTTS CANADA LTD			1200.0	1000.0	200.0				
22600	2024-11-13	EMBALLAGES AT	MIRABEL,PQ	AMOS,PQ	750.0	550.0	200.0	535.1762720094367	1.4014	1.0277	0.3737
22601	2024-11-18	CAPMATIC			4800.0	4000.0	800.0				
22602	2024-11-13	SCOTTS CANADA LTD			1050.0	850.0	200.0				
22603	2024-11-19	SCOTTS CANADA LTD			1500.0	1100.0	400.0				
22604	2024-11-21	SCOTTS CANADA LTD			1300.0	1050.0	250.0				
22605	2024-11-19	SCOTTS QUALI-GRO	MIRAMICHI,NB	L'ORIGNAL,ON	1300.0	1100.0	200.0	925.469	1.4047	1.1886	0.2161
22606	2024-11-19	CAPMATIC	FAIRFIELD,NJ	MONTREAL-NORD,PQ	1975.0	1700.0	275.0	633.756284243238	3.1163	2.6824	0.4339
22607	2024-11-19	CAPMATIC	FAIRFIELD,NJ	MONTREAL-NORD,PQ	1975.0	1700.0	275.0	633.756284243238	3.1163	2.6824	0.4339
22608	2024-11-18	SCOTTS CANADA LTD	LACHINE,PQ	DELHI,ON	975.0	750.0	225.0	738.0103549207273	1.3211	1.0162	0.3049
22609	2024-11-18	SCOTTS CANADA LTD			1050.0	850.0	200.0				
22610	2024-11-18	SCOTTS CANADA LTD			1200.0	950.0	250.0				
22611	2024-11-18	SCOTTS DELHI			1350.0	1050.0	300.0				
22612	2024-11-18	SCOTTS CANADA LTD			1200.0	1000.0	200.0				
22613	2024-11-20	SCOTTS CANADA LTD			1200.0	1000.0	200.0				
22614	2024-11-20	SCOTTS CANADA LTD			1200.0	1000.0	200.0				
22615	2024-11-19	SCOTTS CANADA LTD	MIRAMICHI,NB	DELHI,ON	325.0	261.21	63.79	1516.661	0.2143	0.1722	0.0421
22616	2024-11-26	SCOTTS CANADA LTD			1500.0	1100.0	400.0				
22617	2024-11-29	SCOTTS CANADA LTD			1300.0	1050.0	250.0				
22618	2024-11-22	SCOTTS DELHI	DELHI,ON	L'ORIGNAL,ON	1750.0	1400.0	350.0	659.857	2.6521	2.1217	0.5304
22619	2024-11-22	SCOTTS DELHI	DELHI,ON	L'ORIGNAL,ON	1750.0	1450.0	300.0	659.857	2.6521	2.1974	0.4546
22620	2024-11-22	SCOTTS DELHI	DELHI,ON	L'ORIGNAL,ON	1750.0	1450.0	300.0	659.857	2.6521	2.1974	0.4546
22621	2024-11-22	SCOTTS DELHI	DELHI,ON	L'ORIGNAL,ON	1750.0	1450.0	300.0	659.857	2.6521	2.1974	0.4546
22622	2024-11-22	SCOTTS DELHI	DELHI,ON	L'ORIGNAL,ON	1750.0	1450.0	300.0	659.857	2.6521	2.1974	0.4546
22623	2024-11-27	SCOTTS QUALI-GRO	MIRAMICHI,NB	L'ORIGNAL,ON	1300.0	1100.0	200.0	925.469	1.4047	1.1886	0.2161
22624	2024-11-25	SCOTTS DELHI	DELHI,ON	L'ORIGNAL,ON	1750.0	1450.0	300.0	659.857	2.6521	2.1974	0.4546
22625	2024-11-25	SCOTTS DELHI	DELHI,ON	L'ORIGNAL,ON	1750.0	1450.0	300.0	659.857	2.6521	2.1974	0.4546
22626	2024-11-25	SCOTTS DELHI	DELHI,ON	L'ORIGNAL,ON	1750.0	1450.0	300.0	659.857	2.6521	2.1974	0.4546
22627	2024-11-25	SCOTTS DELHI	DELHI,ON	L'ORIGNAL,ON	1750.0	1450.0	300.0	659.857	2.6521	2.1974	0.4546
22628	2024-11-25	SCOTTS DELHI	DELHI,ON	L'ORIGNAL,ON	1750.0	1450.0	300.0	659.857	2.6521	2.1974	0.4546
22629	2024-11-26	SCOTTS DELHI	DELHI,ON	L'ORIGNAL,ON	1750.0	1400.0	350.0	659.857	2.6521	2.1217	0.5304
22630	2024-11-26	SCOTTS DELHI	DELHI,ON	L'ORIGNAL,ON	1750.0	1450.0	300.0	659.857	2.6521	2.1974	0.4546
22631	2024-11-26	SCOTTS DELHI	DELHI,ON	L'ORIGNAL,ON	1750.0	1450.0	300.0	659.857	2.6521	2.1974	0.4546
22632	2024-11-26	SCOTTS DELHI	DELHI,ON	L'ORIGNAL,ON	1750.0	1450.0	300.0	659.857	2.6521	2.1974	0.4546
22633	2024-11-26	SCOTTS DELHI	DELHI,ON	L'ORIGNAL,ON	1750.0	1450.0	300.0	659.857	2.6521	2.1974	0.4546
22634	2024-11-27	SCOTTS DELHI	DELHI,ON	L'ORIGNAL,ON	1750.0	1450.0	300.0	659.857	2.6521	2.1974	0.4546
22635	2024-11-27	SCOTTS DELHI	DELHI,ON	L'ORIGNAL,ON	1750.0	1450.0	300.0	659.857	2.6521	2.1974	0.4546
22636	2024-11-27	SCOTTS DELHI	DELHI,ON	L'ORIGNAL,ON	1750.0	1450.0	300.0	659.857	2.6521	2.1974	0.4546
22637	2024-11-27	SCOTTS DELHI	DELHI,ON	L'ORIGNAL,ON	1750.0	1450.0	300.0	659.857	2.6521	2.1974	0.4546
22638	2024-11-28	SCOTTS DELHI	DELHI,ON	L'ORIGNAL,ON	1750.0	1450.0	300.0	659.857	2.6521	2.1974	0.4546
22639	2024-11-21	CAPMATIC	BOUCHERVILLE,PQ	MONTREAL-NORD,PQ	225.0	130.0	95.0	18.765	11.9904	6.9278	5.0626
22640	2024-11-28	SCOTTS DELHI	DELHI,ON	L'ORIGNAL,ON	1750.0	1450.0	300.0	659.857	2.6521	2.1974	0.4546
22641	2024-11-28	SCOTTS DELHI	DELHI,ON	L'ORIGNAL,ON	1750.0	1450.0	300.0	659.857	2.6521	2.1974	0.4546
22642	2024-11-28	SCOTTS DELHI	DELHI,ON	L'ORIGNAL,ON	1750.0	1450.0	300.0	659.857	2.6521	2.1974	0.4546
22643	2024-11-28	SCOTTS DELHI	DELHI,ON	L'ORIGNAL,ON	1750.0	1450.0	300.0	659.857	2.6521	2.1974	0.4546
22644	2024-11-28	SCOTTS DELHI	DELHI,ON	L'ORIGNAL,ON	1750.0	1450.0	300.0	659.857	2.6521	2.1974	0.4546
22645	2024-11-29	SCOTTS DELHI	DELHI,ON	L'ORIGNAL,ON	1750.0	1450.0	300.0	659.857	2.6521	2.1974	0.4546
22646	2024-11-29	SCOTTS DELHI	DELHI,ON	L'ORIGNAL,ON	1750.0	1400.0	350.0	659.857	2.6521	2.1217	0.5304
22647	2024-11-29	SCOTTS DELHI	DELHI,ON	L'ORIGNAL,ON	1750.0	1450.0	300.0	659.857	2.6521	2.1974	0.4546
22648	2024-11-29	SCOTTS DELHI	DELHI,ON	L'ORIGNAL,ON	1750.0	1450.0	300.0	659.857	2.6521	2.1974	0.4546
22649	2024-11-29	SCOTTS DELHI	DELHI,ON	L'ORIGNAL,ON	1750.0	1450.0	300.0	659.857	2.6521	2.1974	0.4546
22650	2024-11-22	SCOTTS DELHI			345.0	272.14	72.86				
22651	2024-11-22	EMBALLAGES AT	DAYTON,NJ	MIRABEL,PQ	1325.0	1100.0	225.0	703.4850782406954	1.8835	1.5636	0.3198
22652	2024-11-21	SCOTTS CANADA LTD			1200.0	1000.0	200.0				
22653	2024-11-27	EMBALLAGES AT			700.0	525.0	175.0				
22654	2024-11-22	SCOTTS CANADA LTD			485.0	375.0	110.0				
22655	2024-11-25	SCOTTS CANADA LTD			1500.0	1300.0	200.0				
22656	2024-11-22	DEXTER	LONGUEUIL,PQ	BRANTFORD,ON	975.0	800.0	175.0	724.2492212634752	1.3462	1.1046	0.2416
22657	2024-11-25	SCOTTS CANADA LTD			1050.0	850.0	200.0				
22658	2024-11-25	SCOTTS CANADA LTD			1050.0	850.0	200.0				
22659	2024-11-27	CAPMATIC			7250.0	6500.0	750.0				
22661	2024-11-26	CAPMATIC	BOUCHERVILLE,PQ	MONTREAL-NORD,PQ	225.0	130.0	95.0	18.765	11.9904	6.9278	5.0626
22662	2024-12-07	CAPMATIC	LAS VEGAS,NV	MONTREAL-NORD,PQ	8495.0	7300.0	1195.0	4331.042073528274	1.9614	1.6855	0.2759
22663	2024-11-26	SCOTTS CANADA LTD			1200.0	1000.0	200.0				
22664	2024-11-26	SCOTTS CANADA LTD			1200.0	1000.0	200.0				
22665	2024-12-03	SCOTTS QUALI-GRO	MIRAMICHI,NB	L'ORIGNAL,ON	1300.0	1100.0	200.0	925.469	1.4047	1.1886	0.2161
22666	2024-11-29	SCOTTS CANADA LTD			1350.0	1000.0	350.0				
22667	2024-12-03	SCOTTS QUALI-GRO	MIRAMICHI,NB	L'ORIGNAL,ON	1300.0	1100.0	200.0	925.469	1.4047	1.1886	0.2161
22668	2024-12-05	SCOTTS QUALI-GRO	MIRAMICHI,NB	L'ORIGNAL,ON	1300.0	1100.0	200.0	925.469	1.4047	1.1886	0.2161
22669	2024-12-03	SCOTTS QUALI-GRO	MIRAMICHI,NB	L'ORIGNAL,ON	1300.0	1100.0	200.0	925.469	1.4047	1.1886	0.2161
22670	2024-12-04	SCOTTS QUALI-GRO	MIRAMICHI,NB	L'ORIGNAL,ON	1300.0	1100.0	200.0	925.469	1.4047	1.1886	0.2161
22671	2024-11-28	SCOTTS CANADA LTD	LACHINE,PQ	WINNIPEG,MB	725.0	550.0	175.0	2179.156608557369	0.3327	0.2524	0.0803
22672	2024-12-02	SCOTTS CANADA LTD			1200.0	1000.0	200.0				
22673	2024-12-04	SCOTTS CANADA LTD			1450.0	1100.0	350.0				
22674	2024-12-04	EMBALLAGES AT	MIRABEL,PQ	NEW YORK,NY	1450.0	999.5	450.5	661.9192734185226	2.1906	1.51	0.6806
22675	2024-12-11	EMBALLAGES AT	NEW YORK,NY	MIRABEL,PQ	1500.0	999.61	500.39	661.9192734185226	2.2661	1.5102	0.756
22676	2024-12-04	CAPMATIC			225.0	130.0	95.0				
22677	2024-12-04	SCOTTS DELHI			1350.0	1050.0	300.0				
22678	2024-12-10	SCOTTS QUALI-GRO	MIRAMICHI,NB	L'ORIGNAL,ON	1300.0	1000.0	300.0	925.469	1.4047	1.0805	0.3242
22679	2024-12-11	SCOTTS QUALI-GRO	MIRAMICHI,NB	L'ORIGNAL,ON	1300.0	1100.0	200.0	925.469	1.4047	1.1886	0.2161
22680	2024-12-12	SCOTTS CANADA LTD			1500.0	1100.0	400.0				
22681	2024-12-13	SCOTTS CANADA LTD			1200.0	900.0	300.0				
22682	2024-12-05	CAPMATIC	ST-LAURENT,PQ	MONTREAL-NORD,PQ	275.0	150.0	125.0	16.2226435584249	16.9516	9.2463	7.7053
22683	2024-12-05	SCOTTS CANADA LTD	LACHINE,PQ	DELHI,ON	1050.0	900.0	150.0	738.0103549207273	1.4227	1.2195	0.2032
22684	2024-12-05	CAPMATIC	ST-LAURENT,PQ	MONTREAL-NORD,PQ	150.0	90.0	60.0	16.2226435584249	9.2463	5.5478	3.6985
22685	2024-12-05	EMBALLAGES AT	MIRABEL,PQ	WEST BRANCH,NB	775.0	575.0	200.0	850.9867380578523	0.9107	0.6757	0.235
22686	2024-12-06	CAPMATIC	DORVAL,PQ	MONTREAL-NORD,PQ	150.0	100.0	50.0	43.72	3.4309	2.2873	1.1436
22688	2024-12-06	EMBALLAGES AT	HAYWARD,CA	MIRABEL,PQ	955.0	700.0	255.0	4836.613276594207	0.1975	0.1447	0.0527
22689	2024-12-09	CAPMATIC	BOUCHERVILLE,PQ	MONTREAL-NORD,PQ	225.0	130.0	95.0	18.765	11.9904	6.9278	5.0626
22690	2024-12-09	ENGRAIS McINNES	STANSTEAD,PQ	CHARLESBOURG,PQ	650.0	530.0	120.0	258.3983547635267	2.5155	2.0511	0.4644
22691	2024-12-10	SCOTTS DELHI	DELHI,ON	DORVAL,PQ	1200.0	950.0	250.0	732.0282622432337	1.6393	1.2978	0.3415
22692	2024-12-16	SCOTTS CANADA LTD			1300.0	1000.0	300.0				
22693	2024-12-17	SCOTTS CANADA LTD			1300.0	1000.0	300.0				
22694	2024-12-19	SCOTTS CANADA LTD			1300.0	1000.0	300.0				
22695	2024-12-11	SCOTTS CANADA LTD	LACHINE,PQ	WINNIPEG,MB	965.0	825.0	140.0	2179.156608557369	0.4428	0.3786	0.0642
22696	2024-12-12	SCOTTS CANADA LTD	LACHINE,PQ	MIRAMICHI,NB	625.0	450.0	175.0	784.0790513034952	0.7971	0.5739	0.2232
22697	2024-12-12	CAPMATIC	BOUCHERVILLE,PQ	MONTREAL-NORD,PQ	225.0	100.0	125.0	18.765	11.9904	5.3291	6.6613
22698	2024-12-16	SCOTTS DELHI			1350.0	1050.0	300.0				
22699	2024-12-17	SCOTTS DELHI			1350.0	1050.0	300.0				
22700	2024-12-18	SCOTTS DELHI			1350.0	1050.0	300.0				
22701	2024-12-13	CAPMATIC	BOUCHERVILLE,PQ	MONTREAL-NORD,PQ	225.0	100.0	125.0	18.765	11.9904	5.3291	6.6613
22702	2024-12-16	DVOLU	BOUCHERVILLE,PQ	MONTREAL,PQ	450.0	325.0	125.0	15.224069313193391	29.5585	21.3478	8.2107
22703	2024-12-17	CAPMATIC	BOUCHERVILLE,PQ	MONTREAL-NORD,PQ	250.0	145.0	105.0	18.765	13.3227	7.7272	5.5955
22704	2024-12-16	SCOTTS DELHI	DELHI,ON	MIRAMICHI,NB	395.0	227.47	167.53	1514.446	0.2608	0.1502	0.1106
22706	2024-12-16	SCOTTS CANADA LTD	LACHINE,PQ	DELHI,ON	1200.0	900.0	300.0	738.0103549207273	1.626	1.2195	0.4065
22707	2024-12-17	SCOTTS CANADA LTD	LACHINE,PQ	L'ORIGNAL,ON	750.0	550.0	200.0	94.788	7.9124	5.8024	2.11
22708	2024-12-18	SCOTTS DELHI	DELHI,ON	DORVAL,PQ	1200.0	950.0	250.0	732.0282622432337	1.6393	1.2978	0.3415
22709	2024-12-18	SCOTTS DELHI	DELHI,ON	DORVAL,PQ	1200.0	950.0	250.0	732.0282622432337	1.6393	1.2978	0.3415
22710	2024-12-19	SCOTTS CANADA LTD	WINNIPEG,MB	LACHINE,PQ	1025.0	825.0	200.0	2179.156608557369	0.4704	0.3786	0.0918
22730	2024-12-18	LICAFLEX	LACHINE,PQ	WINNIPEG,MB	965.0	0.0	965.0	2179.156608557369	0.4428	0.0	0.4428
None		nan			967024.16	789612.1	177412.06				
None		nan					0.0				
